RESIDENTIAL_UNITS,GROSS_SQUARE_FEET,BUILDING_AGE
2.0,1600.0,114.0
7.0,5280.0,11.0
3.0,3039.0,18.0
2.0,1870.0,99.0
2.0,1740.0,89.0
4.0,2600.0,93.0
2.0,4460.0,119.0
2.0,3400.0,125.0
2.0,2040.0,114.0
4.0,3861.0,94.0
3.0,5908.0,32.0
1.0,1128.0,104.0
1.0,1916.0,99.0
1.0,2100.0,104.0
2.0,1920.0,114.0
2.0,2496.0,94.0
4.0,2920.0,94.0
2.0,2700.0,20.0
2.0,1890.0,84.0
1.0,1472.0,99.0
8.0,13112.0,94.0
2.0,2142.0,123.0
1.0,1060.0,104.0
2.0,2200.0,123.0
1.0,1672.0,59.0
6.0,4285.0,114.0
2.0,2104.0,74.0
2.0,2760.0,99.0
3.0,3780.0,125.0
6.0,5000.0,96.0
1.0,1526.0,94.0
2.0,1710.0,114.0
2.0,1740.0,89.0
1.0,1344.0,99.0
1.0,1120.0,59.0
2.0,2340.0,8.0
2.0,1989.0,89.0
1.0,1372.0,104.0
2.0,2144.0,125.0
1.0,1456.0,104.0
2.0,2643.0,125.0
3.0,3480.0,125.0
6.0,4929.0,94.0
1.0,1552.0,89.0
3.0,3276.0,69.0
4.0,4640.0,93.0
2.0,1396.0,123.0
1.0,1280.0,99.0
2.0,1596.0,69.0
29.0,36000.0,102.0
2.0,1045.0,114.0
2.0,2524.0,99.0
1.0,960.0,104.0
1.0,2178.0,64.0
2.0,2384.0,74.0
1.0,1600.0,104.0
2.0,1900.0,125.0
2.0,2748.0,114.0
4.0,3000.0,109.0
2.0,2000.0,59.0
3.0,2240.0,94.0
1.0,672.0,94.0
1.0,1348.0,104.0
1.0,3915.0,125.0
2.0,1975.0,84.0
1.0,2660.0,114.0
1.0,1064.0,99.0
1.0,1980.0,89.0
2.0,2934.0,125.0
1.0,1296.0,64.0
4.0,3280.0,100.0
1.0,1536.0,94.0
2.0,2397.0,64.0
2.0,3288.0,74.0
1.0,2000.0,114.0
2.0,3460.0,114.0
2.0,2960.0,114.0
1.0,1116.0,74.0
2.0,1808.0,94.0
1.0,1075.0,99.0
1.0,1890.0,79.0
1.0,848.0,94.0
3.0,2700.0,125.0
2.0,2856.0,32.0
2.0,2616.0,123.0
1.0,2251.0,123.0
1.0,3253.0,2.0
1.0,1288.0,99.0
1.0,600.0,104.0
2.0,2310.0,93.0
1.0,1116.0,38.0
2.0,2168.0,114.0
3.0,2964.0,94.0
2.0,1890.0,99.0
3.0,2472.0,123.0
2.0,1656.0,104.0
6.0,5280.0,97.0
1.0,1470.0,99.0
2.0,2090.0,114.0
8.0,5848.0,96.0
2.0,1827.0,84.0
5.0,2520.0,93.0
2.0,3660.0,125.0
2.0,2210.0,1.0
1.0,2000.0,99.0
2.0,2280.0,123.0
2.0,8048.0,114.0
1.0,1466.0,104.0
2.0,1970.0,114.0
2.0,1844.0,69.0
2.0,1560.0,64.0
16.0,16512.0,112.0
2.0,1600.0,94.0
1.0,1064.0,99.0
6.0,6123.0,94.0
2.0,2381.0,64.0
1.0,1770.0,94.0
2.0,2600.0,99.0
2.0,2160.0,125.0
3.0,2292.0,123.0
1.0,1536.0,94.0
2.0,2400.0,64.0
2.0,1806.0,64.0
2.0,3000.0,104.0
6.0,4200.0,119.0
1.0,798.0,79.0
2.0,1792.0,89.0
2.0,1510.0,64.0
3.0,3360.0,125.0
2.0,2480.0,99.0
2.0,4009.0,64.0
1.0,1326.0,125.0
2.0,1800.0,64.0
1.0,1368.0,64.0
1.0,1974.0,99.0
2.0,3220.0,94.0
2.0,2793.0,94.0
2.0,2070.0,125.0
1.0,1520.0,94.0
1.0,1344.0,99.0
2.0,1610.0,69.0
1.0,1039.0,104.0
1.0,1537.0,94.0
5.0,3600.0,94.0
2.0,2844.0,94.0
1.0,2001.0,114.0
3.0,3072.0,114.0
2.0,2040.0,104.0
3.0,2700.0,104.0
1.0,1260.0,114.0
1.0,2070.0,114.0
3.0,3420.0,104.0
6.0,4890.0,110.0
2.0,2068.0,79.0
1.0,1408.0,94.0
2.0,1782.0,104.0
3.0,3012.0,123.0
2.0,3004.0,125.0
1.0,3216.0,123.0
3.0,2784.0,125.0
6.0,5712.0,114.0
3.0,2940.0,123.0
2.0,2130.0,74.0
2.0,2322.0,123.0
2.0,1449.0,99.0
3.0,3600.0,104.0
2.0,1680.0,104.0
2.0,1540.0,99.0
2.0,1492.0,94.0
3.0,2500.0,59.0
3.0,3460.0,93.0
2.0,3040.0,125.0
2.0,2200.0,114.0
2.0,3185.0,20.0
2.0,2640.0,99.0
2.0,1848.0,104.0
2.0,2520.0,123.0
2.0,3660.0,125.0
2.0,1950.0,114.0
2.0,1942.0,74.0
2.0,2240.0,64.0
2.0,1872.0,114.0
2.0,2400.0,94.0
3.0,3000.0,114.0
4.0,3952.0,124.0
1.0,1456.0,104.0
3.0,2964.0,89.0
6.0,4500.0,93.0
2.0,2760.0,59.0
4.0,2401.0,94.0
1.0,1624.0,59.0
2.0,1920.0,123.0
2.0,1980.0,94.0
3.0,3720.0,104.0
1.0,1216.0,94.0
3.0,2812.0,59.0
2.0,2340.0,125.0
2.0,1392.0,99.0
1.0,1710.0,59.0
2.0,1568.0,123.0
2.0,1785.0,94.0
1.0,1116.0,38.0
2.0,2200.0,109.0
2.0,2880.0,64.0
1.0,1396.0,109.0
22.0,20800.0,97.0
1.0,1148.0,38.0
2.0,1096.0,99.0
3.0,2430.0,125.0
4.0,3280.0,94.0
2.0,1930.0,74.0
2.0,2240.0,99.0
2.0,3744.0,119.0
1.0,1272.0,99.0
3.0,2748.0,125.0
3.0,2430.0,123.0
2.0,3036.0,109.0
2.0,2124.0,99.0
3.0,2700.0,114.0
1.0,976.0,94.0
2.0,1785.0,99.0
7.0,6800.0,94.0
1.0,1440.0,114.0
2.0,2110.0,84.0
2.0,1960.0,75.0
2.0,1719.0,125.0
2.0,1188.0,114.0
1.0,1588.0,84.0
4.0,3198.0,102.0
2.0,1462.0,104.0
1.0,3580.0,99.0
1.0,1197.0,99.0
3.0,3328.0,49.0
3.0,2256.0,114.0
1.0,1780.0,84.0
1.0,1540.0,94.0
2.0,1852.0,114.0
1.0,1508.0,99.0
2.0,2400.0,109.0
2.0,2720.0,104.0
2.0,1944.0,31.0
3.0,3000.0,114.0
2.0,2001.0,125.0
1.0,2100.0,114.0
2.0,1656.0,99.0
2.0,2292.0,74.0
32.0,38000.0,93.0
4.0,2520.0,93.0
1.0,1312.0,109.0
1.0,1672.0,84.0
2.0,2720.0,94.0
2.0,2674.0,64.0
2.0,2080.0,119.0
1.0,2232.0,114.0
1.0,1620.0,104.0
1.0,1968.0,119.0
2.0,2286.0,94.0
2.0,1916.0,31.0
2.0,1308.0,114.0
1.0,2038.0,84.0
2.0,1944.0,74.0
7.0,1383.0,93.0
1.0,1582.0,104.0
1.0,589.0,104.0
1.0,2350.0,79.0
2.0,2040.0,114.0
2.0,960.0,125.0
3.0,2742.0,104.0
1.0,600.0,79.0
2.0,1640.0,99.0
3.0,3692.0,93.0
3.0,2760.0,84.0
2.0,2536.0,59.0
2.0,1494.0,104.0
3.0,3344.0,119.0
3.0,2565.0,114.0
2.0,2872.0,64.0
1.0,1354.0,104.0
2.0,2011.0,134.0
1.0,1296.0,64.0
2.0,1392.0,99.0
2.0,2840.0,94.0
8.0,6800.0,104.0
2.0,2484.0,114.0
2.0,2152.0,94.0
2.0,2113.0,84.0
1.0,1078.0,114.0
2.0,1700.0,123.0
2.0,2859.0,59.0
1.0,2168.0,114.0
6.0,4350.0,118.0
2.0,1504.0,94.0
1.0,1565.0,123.0
2.0,2892.0,94.0
1.0,1720.0,99.0
4.0,2598.0,125.0
1.0,1683.0,94.0
2.0,2420.0,104.0
1.0,1212.0,94.0
2.0,2121.0,104.0
17.0,20255.0,7.0
2.0,2200.0,123.0
2.0,3144.0,114.0
1.0,1200.0,20.0
3.0,3840.0,49.0
2.0,1840.0,94.0
1.0,1704.0,94.0
2.0,1944.0,30.0
1.0,1472.0,99.0
3.0,3360.0,125.0
3.0,2700.0,114.0
2.0,2724.0,89.0
3.0,3268.0,19.0
2.0,2210.0,64.0
6.0,4500.0,93.0
8.0,5280.0,93.0
3.0,3850.0,84.0
2.0,2150.0,114.0
2.0,1370.0,74.0
1.0,1054.0,89.0
3.0,2372.0,123.0
1.0,1376.0,99.0
3.0,2400.0,125.0
1.0,2400.0,125.0
2.0,1608.0,123.0
2.0,1298.0,114.0
2.0,1729.0,79.0
2.0,2180.0,69.0
1.0,1356.0,114.0
1.0,1280.0,123.0
4.0,3450.0,118.0
1.0,3338.0,125.0
2.0,1728.0,125.0
1.0,1345.0,99.0
3.0,1938.0,104.0
2.0,3086.0,99.0
1.0,3304.0,104.0
2.0,1536.0,104.0
3.0,2976.0,125.0
2.0,2080.0,38.0
3.0,3375.0,119.0
1.0,1664.0,114.0
2.0,3280.0,123.0
1.0,1024.0,114.0
2.0,2634.0,109.0
2.0,2250.0,125.0
3.0,3760.0,54.0
1.0,1328.0,94.0
3.0,3049.0,104.0
2.0,2492.0,4.0
3.0,5600.0,125.0
3.0,5568.0,44.0
1.0,1408.0,104.0
2.0,3120.0,22.0
2.0,1748.0,64.0
1.0,1536.0,104.0
1.0,1584.0,94.0
2.0,1976.0,114.0
2.0,2018.0,123.0
1.0,3640.0,59.0
2.0,2500.0,74.0
2.0,1400.0,114.0
1.0,5621.0,99.0
2.0,1600.0,94.0
3.0,3816.0,114.0
1.0,4976.0,104.0
8.0,7907.0,9.0
1.0,2688.0,74.0
5.0,3480.0,99.0
1.0,1520.0,39.0
1.0,3406.0,93.0
2.0,1857.0,119.0
2.0,2100.0,30.0
3.0,2280.0,125.0
2.0,1840.0,32.0
7.0,4870.0,125.0
2.0,3060.0,114.0
2.0,2188.0,114.0
2.0,2296.0,123.0
1.0,1116.0,35.0
3.0,3000.0,123.0
1.0,5250.0,28.0
4.0,2680.0,93.0
2.0,2000.0,99.0
1.0,1340.0,99.0
1.0,1580.0,104.0
2.0,2128.0,89.0
1.0,1148.0,38.0
1.0,1392.0,99.0
2.0,3580.0,44.0
1.0,1116.0,104.0
5.0,3750.0,96.0
10.0,7469.0,2.0
2.0,2600.0,74.0
1.0,1988.0,69.0
1.0,1080.0,69.0
2.0,1610.0,69.0
2.0,1800.0,94.0
2.0,2058.0,69.0
1.0,552.0,94.0
2.0,1680.0,79.0
2.0,2250.0,125.0
2.0,1472.0,104.0
2.0,2088.0,94.0
9.0,6666.0,139.0
1.0,1500.0,99.0
1.0,1708.0,89.0
1.0,1274.0,94.0
1.0,1056.0,84.0
2.0,1920.0,104.0
2.0,1596.0,114.0
6.0,5320.0,113.0
7.0,3760.0,104.0
4.0,3000.0,124.0
1.0,2286.0,104.0
2.0,2176.0,123.0
3.0,2695.0,59.0
2.0,984.0,79.0
1.0,3424.0,84.0
2.0,1822.0,89.0
3.0,2142.0,125.0
1.0,2549.0,104.0
1.0,3200.0,94.0
1.0,1288.0,104.0
3.0,2430.0,125.0
3.0,3280.0,93.0
1.0,1812.0,99.0
1.0,1729.0,59.0
1.0,1266.0,114.0
1.0,1296.0,64.0
3.0,3846.0,94.0
1.0,1664.0,89.0
1.0,1732.0,84.0
1.0,952.0,99.0
4.0,3000.0,104.0
1.0,1296.0,79.0
31.0,24820.0,104.0
2.0,1740.0,69.0
1.0,1320.0,104.0
2.0,1500.0,125.0
1.0,2052.0,94.0
2.0,3312.0,123.0
4.0,3198.0,93.0
2.0,1960.0,27.0
2.0,1942.0,74.0
3.0,1800.0,94.0
1.0,1144.0,109.0
2.0,2034.0,114.0
3.0,3362.0,94.0
3.0,1614.0,114.0
2.0,1869.0,89.0
4.0,3440.0,100.0
3.0,2820.0,109.0
6.0,4500.0,93.0
2.0,1592.0,19.0
2.0,2376.0,104.0
2.0,1840.0,99.0
2.0,3192.0,114.0
2.0,1230.0,94.0
15.0,14375.0,114.0
2.0,2314.0,123.0
2.0,2700.0,125.0
1.0,1088.0,64.0
6.0,4350.0,93.0
1.0,968.0,84.0
6.0,5250.0,93.0
3.0,3321.0,119.0
1.0,1526.0,104.0
9.0,6064.0,100.0
2.0,1632.0,104.0
2.0,2096.0,79.0
6.0,5004.0,93.0
2.0,3120.0,104.0
2.0,2475.0,125.0
1.0,1049.0,104.0
7.0,7212.0,117.0
2.0,2080.0,123.0
3.0,3300.0,123.0
3.0,4529.0,119.0
2.0,1914.0,104.0
2.0,2251.0,64.0
2.0,1920.0,125.0
1.0,3264.0,168.0
1.0,1854.0,25.0
2.0,1680.0,125.0
1.0,1151.0,104.0
2.0,1805.0,99.0
2.0,8760.0,93.0
1.0,1170.0,99.0
2.0,2760.0,123.0
2.0,3200.0,104.0
3.0,2640.0,104.0
2.0,1470.0,79.0
2.0,2230.0,99.0
2.0,1536.0,125.0
7.0,6500.0,114.0
2.0,1560.0,64.0
1.0,1504.0,104.0
1.0,1328.0,104.0
2.0,2000.0,114.0
4.0,3239.0,94.0
2.0,2120.0,99.0
2.0,1890.0,79.0
1.0,1132.0,34.0
1.0,3896.0,114.0
1.0,884.0,99.0
2.0,1440.0,104.0
3.0,4125.0,29.0
1.0,2760.0,125.0
1.0,1696.0,104.0
3.0,3410.0,51.0
2.0,2314.0,125.0
3.0,2796.0,114.0
1.0,1424.0,99.0
2.0,1976.0,89.0
1.0,1404.0,94.0
3.0,1800.0,64.0
2.0,1785.0,84.0
2.0,2032.0,114.0
2.0,1456.0,84.0
2.0,1800.0,114.0
2.0,2292.0,104.0
5.0,5175.0,174.0
1.0,1603.0,104.0
1.0,1472.0,99.0
3.0,3182.0,104.0
2.0,1764.0,79.0
2.0,2324.0,99.0
2.0,2128.0,123.0
2.0,2080.0,38.0
2.0,3420.0,24.0
3.0,3737.0,125.0
1.0,1356.0,114.0
3.0,3423.0,99.0
1.0,1733.0,99.0
1.0,1916.0,125.0
1.0,1056.0,125.0
2.0,2109.0,64.0
1.0,528.0,125.0
1.0,1440.0,99.0
3.0,1980.0,123.0
1.0,2382.0,79.0
2.0,2251.0,64.0
5.0,3309.0,123.0
3.0,2720.0,94.0
1.0,1280.0,104.0
2.0,1916.0,99.0
2.0,1900.0,35.0
2.0,2908.0,104.0
5.0,2700.0,94.0
8.0,9400.0,93.0
3.0,3298.0,64.0
2.0,1643.0,89.0
2.0,1456.0,114.0
3.0,3192.0,125.0
3.0,3168.0,104.0
1.0,2016.0,104.0
3.0,2380.0,114.0
1.0,1412.0,114.0
3.0,2200.0,54.0
2.0,2700.0,109.0
2.0,2292.0,104.0
1.0,1179.0,99.0
2.0,3247.0,99.0
1.0,1248.0,109.0
1.0,1444.0,104.0
2.0,2920.0,114.0
2.0,2504.0,64.0
3.0,2400.0,125.0
3.0,2100.0,114.0
1.0,1280.0,104.0
5.0,3951.0,123.0
3.0,3120.0,125.0
1.0,1680.0,104.0
2.0,2174.0,64.0
3.0,3560.0,89.0
3.0,3867.0,34.0
1.0,1074.0,114.0
7.0,2715.0,93.0
1.0,1444.0,94.0
2.0,3900.0,28.0
3.0,3132.0,99.0
1.0,1332.0,109.0
1.0,1980.0,59.0
2.0,2268.0,104.0
4.0,3120.0,93.0
2.0,2400.0,119.0
1.0,1392.0,104.0
1.0,3420.0,125.0
3.0,3300.0,123.0
2.0,3060.0,114.0
2.0,2185.0,125.0
3.0,3069.0,64.0
2.0,2588.0,125.0
2.0,1604.0,99.0
2.0,1800.0,123.0
4.0,5504.0,99.0
8.0,9936.0,6.0
2.0,2240.0,94.0
2.0,2280.0,94.0
1.0,1302.0,104.0
1.0,2870.0,94.0
2.0,2460.0,114.0
2.0,2260.0,123.0
1.0,988.0,99.0
2.0,2856.0,32.0
1.0,906.0,74.0
3.0,3288.0,94.0
1.0,1192.0,99.0
3.0,2560.0,94.0
1.0,1300.0,114.0
1.0,1035.0,99.0
2.0,2406.0,104.0
1.0,1584.0,94.0
2.0,1408.0,123.0
1.0,1400.0,114.0
2.0,2120.0,125.0
1.0,1296.0,69.0
2.0,2520.0,89.0
1.0,1216.0,79.0
2.0,2852.0,99.0
2.0,2067.0,59.0
6.0,5625.0,93.0
2.0,2080.0,94.0
3.0,2667.0,94.0
6.0,5250.0,94.0
1.0,2104.0,114.0
1.0,2038.0,114.0
3.0,2568.0,49.0
1.0,2580.0,114.0
1.0,3649.0,104.0
2.0,2598.0,125.0
1.0,1360.0,59.0
2.0,2175.0,49.0
6.0,5312.0,88.0
2.0,1696.0,109.0
2.0,2144.0,94.0
1.0,1396.0,109.0
1.0,3360.0,109.0
2.0,2360.0,99.0
3.0,2336.0,99.0
3.0,2603.0,104.0
1.0,1500.0,94.0
2.0,3228.0,99.0
3.0,1024.0,114.0
2.0,3000.0,114.0
3.0,2560.0,104.0
1.0,2360.0,59.0
1.0,1120.0,35.0
1.0,2506.0,64.0
2.0,1692.0,104.0
3.0,2700.0,125.0
1.0,3832.0,59.0
1.0,1674.0,64.0
1.0,1328.0,99.0
2.0,3600.0,125.0
3.0,2176.0,109.0
2.0,1400.0,74.0
1.0,1350.0,7.0
1.0,2000.0,104.0
16.0,13200.0,112.0
3.0,1921.0,114.0
2.0,2166.0,104.0
1.0,1360.0,104.0
2.0,2152.0,104.0
2.0,1800.0,104.0
1.0,1344.0,99.0
2.0,3120.0,123.0
1.0,1216.0,114.0
7.0,6560.0,93.0
2.0,1560.0,123.0
1.0,738.0,119.0
1.0,1727.0,104.0
2.0,2964.0,59.0
2.0,2096.0,94.0
2.0,1512.0,84.0
2.0,4554.0,8.0
1.0,1178.0,114.0
2.0,3002.0,104.0
2.0,2272.0,123.0
2.0,1600.0,94.0
2.0,1673.0,79.0
3.0,3225.0,20.0
3.0,3240.0,84.0
1.0,1376.0,99.0
6.0,5549.0,97.0
6.0,5070.0,93.0
2.0,2280.0,125.0
2.0,2928.0,99.0
2.0,2531.0,104.0
2.0,3141.0,6.0
2.0,1280.0,123.0
1.0,2684.0,1.0
2.0,2364.0,125.0
2.0,2980.0,64.0
3.0,2400.0,114.0
1.0,957.0,84.0
1.0,3413.0,123.0
3.0,2880.0,123.0
2.0,2304.0,94.0
2.0,1404.0,99.0
2.0,2288.0,64.0
2.0,1634.0,99.0
1.0,2246.0,119.0
1.0,3220.0,104.0
3.0,2280.0,84.0
1.0,2320.0,94.0
2.0,2400.0,69.0
8.0,3360.0,104.0
2.0,2612.0,69.0
2.0,2136.0,125.0
2.0,2281.0,108.0
3.0,2820.0,125.0
1.0,1956.0,79.0
2.0,1632.0,123.0
2.0,1560.0,64.0
1.0,1600.0,94.0
2.0,2048.0,119.0
1.0,1394.0,94.0
2.0,2400.0,89.0
2.0,1548.0,104.0
1.0,1508.0,99.0
2.0,1680.0,64.0
1.0,2482.0,99.0
1.0,1520.0,94.0
1.0,1680.0,114.0
1.0,1488.0,109.0
1.0,1050.0,94.0
1.0,1120.0,64.0
2.0,1659.0,64.0
3.0,2400.0,125.0
1.0,1360.0,104.0
1.0,2220.0,123.0
2.0,2792.0,54.0
1.0,1395.0,94.0
3.0,2232.0,114.0
1.0,1660.0,94.0
8.0,4400.0,94.0
1.0,1620.0,37.0
2.0,2460.0,94.0
1.0,1092.0,89.0
5.0,3900.0,94.0
2.0,2472.0,125.0
2.0,1998.0,84.0
1.0,2792.0,84.0
2.0,1506.0,69.0
18.0,6500.0,114.0
1.0,1722.0,104.0
3.0,2860.0,49.0
3.0,2565.0,125.0
2.0,2400.0,92.0
2.0,880.0,69.0
2.0,2224.0,8.0
2.0,2400.0,125.0
2.0,1782.0,114.0
3.0,2454.0,91.0
1.0,1188.0,104.0
1.0,1632.0,99.0
1.0,1928.0,114.0
1.0,1600.0,99.0
4.0,2250.0,96.0
2.0,2640.0,114.0
3.0,4304.0,19.0
3.0,2720.0,104.0
3.0,5380.0,59.0
3.0,2520.0,94.0
2.0,4352.0,145.0
1.0,1188.0,64.0
1.0,1444.0,104.0
1.0,1600.0,119.0
1.0,1452.0,94.0
2.0,2394.0,125.0
1.0,1536.0,99.0
2.0,2150.0,104.0
4.0,3140.0,98.0
2.0,2000.0,123.0
1.0,1248.0,94.0
1.0,1665.0,59.0
1.0,1240.0,84.0
2.0,2196.0,79.0
4.0,2820.0,119.0
1.0,1080.0,35.0
2.0,2400.0,114.0
3.0,3075.0,94.0
2.0,4290.0,94.0
4.0,3198.0,94.0
2.0,1856.0,123.0
1.0,1372.0,125.0
1.0,2064.0,99.0
2.0,3158.0,69.0
1.0,1400.0,114.0
2.0,1440.0,123.0
2.0,1188.0,99.0
3.0,2280.0,104.0
1.0,1520.0,39.0
2.0,992.0,104.0
2.0,2925.0,114.0
3.0,2720.0,123.0
2.0,1160.0,119.0
4.0,3800.0,94.0
2.0,2670.0,94.0
2.0,1376.0,99.0
2.0,1600.0,99.0
3.0,5424.0,27.0
1.0,2106.0,99.0
1.0,1152.0,84.0
2.0,1968.0,125.0
2.0,1505.0,84.0
2.0,1350.0,25.0
2.0,2760.0,64.0
3.0,2108.0,104.0
2.0,2439.0,114.0
2.0,3300.0,123.0
4.0,3240.0,125.0
3.0,2590.0,125.0
1.0,994.0,104.0
1.0,1632.0,114.0
2.0,3180.0,123.0
2.0,2304.0,104.0
8.0,4500.0,96.0
2.0,2520.0,125.0
2.0,2053.0,109.0
2.0,1936.0,104.0
2.0,824.0,99.0
1.0,1178.0,94.0
1.0,1088.0,64.0
1.0,1424.0,104.0
8.0,6272.0,104.0
1.0,994.0,99.0
1.0,1430.0,99.0
3.0,2659.0,114.0
2.0,2125.0,69.0
1.0,788.0,104.0
4.0,3360.0,119.0
2.0,2200.0,64.0
1.0,1868.0,104.0
1.0,1224.0,64.0
2.0,1656.0,99.0
2.0,3003.0,84.0
1.0,840.0,125.0
3.0,3120.0,94.0
3.0,3040.0,94.0
2.0,2720.0,94.0
2.0,1600.0,109.0
1.0,1600.0,94.0
1.0,1062.0,8.0
3.0,3220.0,49.0
1.0,1008.0,104.0
3.0,2840.0,114.0
4.0,2750.0,94.0
3.0,1860.0,69.0
3.0,2416.0,79.0
2.0,3588.0,74.0
2.0,2080.0,123.0
2.0,2376.0,99.0
2.0,2496.0,123.0
3.0,3660.0,18.0
3.0,3935.0,51.0
2.0,2688.0,94.0
3.0,1944.0,99.0
1.0,1464.0,114.0
1.0,1625.0,94.0
16.0,10280.0,113.0
1.0,1260.0,64.0
3.0,3078.0,125.0
3.0,3906.0,94.0
1.0,1192.0,99.0
2.0,2000.0,99.0
2.0,2084.0,125.0
1.0,1192.0,99.0
1.0,1260.0,104.0
1.0,3250.0,94.0
2.0,2922.0,1.0
1.0,1224.0,64.0
1.0,1724.0,123.0
1.0,1400.0,104.0
1.0,1788.0,99.0
3.0,2916.0,104.0
1.0,3463.0,125.0
1.0,2161.0,125.0
1.0,3560.0,123.0
1.0,1520.0,84.0
1.0,2756.0,64.0
2.0,1900.0,123.0
2.0,1920.0,114.0
2.0,2280.0,104.0
1.0,1325.0,94.0
3.0,3040.0,125.0
1.0,2400.0,123.0
2.0,3000.0,125.0
5.0,4000.0,93.0
3.0,2360.0,109.0
1.0,1140.0,99.0
4.0,3520.0,93.0
3.0,4000.0,125.0
1.0,1850.0,123.0
1.0,1116.0,39.0
1.0,2045.0,59.0
8.0,6500.0,93.0
2.0,2040.0,114.0
2.0,1176.0,104.0
2.0,2838.0,59.0
2.0,2034.0,123.0
2.0,2130.0,109.0
2.0,3220.0,64.0
2.0,1464.0,114.0
3.0,3925.0,19.0
1.0,954.0,99.0
4.0,2800.0,123.0
3.0,2836.0,125.0
1.0,1776.0,125.0
2.0,2400.0,125.0
3.0,2713.0,125.0
3.0,2400.0,104.0
2.0,1630.0,64.0
2.0,3300.0,123.0
2.0,2116.0,74.0
2.0,1680.0,114.0
1.0,986.0,104.0
6.0,5250.0,117.0
2.0,2408.0,114.0
4.0,5200.0,93.0
6.0,4988.0,93.0
1.0,1024.0,99.0
2.0,2880.0,89.0
1.0,3802.0,35.0
1.0,968.0,64.0
2.0,2576.0,114.0
2.0,2520.0,69.0
2.0,1523.0,123.0
1.0,1920.0,104.0
1.0,2193.0,104.0
3.0,3120.0,114.0
2.0,2266.0,84.0
2.0,1288.0,104.0
2.0,1732.0,79.0
2.0,7190.0,109.0
1.0,1332.0,99.0
2.0,3120.0,89.0
5.0,3774.0,93.0
1.0,2120.0,123.0
2.0,1836.0,94.0
1.0,1280.0,94.0
1.0,4112.0,114.0
1.0,1496.0,59.0
2.0,2000.0,89.0
1.0,1216.0,79.0
1.0,1584.0,89.0
2.0,2400.0,114.0
1.0,1410.0,104.0
2.0,2145.0,109.0
1.0,1326.0,104.0
2.0,2225.0,74.0
2.0,1848.0,79.0
2.0,2272.0,114.0
2.0,1152.0,94.0
2.0,2160.0,104.0
1.0,2220.0,104.0
2.0,2042.0,125.0
1.0,2174.0,99.0
1.0,6188.0,69.0
3.0,1672.0,114.0
35.0,34300.0,102.0
2.0,1184.0,104.0
1.0,4651.0,6.0
3.0,3660.0,89.0
3.0,2678.0,99.0
1.0,2032.0,74.0
1.0,1506.0,94.0
1.0,724.0,99.0
1.0,1734.0,104.0
1.0,1280.0,114.0
1.0,4580.0,99.0
2.0,2502.0,21.0
2.0,1800.0,125.0
2.0,3638.0,74.0
1.0,1224.0,94.0
4.0,3784.0,49.0
1.0,1224.0,94.0
1.0,540.0,104.0
2.0,2050.0,79.0
6.0,6630.0,93.0
4.0,3200.0,119.0
2.0,2480.0,99.0
6.0,4130.0,93.0
2.0,2088.0,99.0
4.0,2565.0,114.0
2.0,3280.0,125.0
3.0,3562.0,59.0
1.0,1929.0,84.0
2.0,2972.0,99.0
1.0,1444.0,99.0
2.0,1785.0,94.0
3.0,3240.0,123.0
2.0,1764.0,99.0
2.0,1880.0,64.0
3.0,2772.0,125.0
2.0,1485.0,114.0
2.0,1176.0,114.0
2.0,2162.0,89.0
2.0,1835.0,69.0
2.0,1312.0,104.0
1.0,1080.0,114.0
2.0,2530.0,18.0
3.0,3300.0,114.0
4.0,2781.0,124.0
4.0,2142.0,93.0
1.0,1652.0,99.0
2.0,2168.0,104.0
2.0,3000.0,123.0
2.0,1914.0,69.0
3.0,2520.0,125.0
1.0,1100.0,114.0
1.0,1046.0,104.0
2.0,1344.0,99.0
3.0,2886.0,104.0
4.0,3280.0,100.0
1.0,1316.0,94.0
2.0,2185.0,64.0
3.0,3135.0,104.0
3.0,3075.0,104.0
2.0,2400.0,99.0
2.0,2936.0,104.0
7.0,2700.0,124.0
3.0,3004.0,125.0
2.0,1064.0,99.0
2.0,1824.0,114.0
2.0,2093.0,123.0
5.0,4500.0,101.0
2.0,2880.0,109.0
1.0,1352.0,104.0
2.0,2000.0,19.0
1.0,2007.0,99.0
1.0,1080.0,94.0
2.0,1710.0,94.0
1.0,1036.0,99.0
1.0,1216.0,84.0
1.0,2040.0,123.0
3.0,4450.0,59.0
3.0,3780.0,99.0
2.0,964.0,109.0
2.0,1884.0,69.0
2.0,2204.0,74.0
2.0,2301.0,104.0
2.0,2152.0,94.0
6.0,7000.0,124.0
1.0,1664.0,94.0
4.0,5000.0,124.0
1.0,1128.0,125.0
2.0,2272.0,69.0
2.0,2430.0,125.0
2.0,2364.0,123.0
1.0,1683.0,64.0
2.0,2080.0,125.0
3.0,2480.0,94.0
2.0,1824.0,69.0
2.0,2120.0,104.0
3.0,8608.0,2.0
2.0,2000.0,74.0
2.0,1458.0,104.0
1.0,2468.0,114.0
2.0,1771.0,89.0
2.0,3004.0,123.0
1.0,749.0,69.0
1.0,1750.0,59.0
3.0,3100.0,123.0
2.0,2320.0,104.0
1.0,2307.0,3.0
1.0,1060.0,79.0
3.0,2100.0,125.0
2.0,1872.0,89.0
3.0,3232.0,114.0
6.0,3750.0,117.0
1.0,840.0,94.0
2.0,1540.0,84.0
1.0,1512.0,104.0
3.0,1460.0,114.0
2.0,2340.0,64.0
5.0,3600.0,125.0
3.0,4840.0,20.0
2.0,1584.0,89.0
3.0,3990.0,37.0
2.0,1608.0,125.0
2.0,2800.0,94.0
1.0,1656.0,99.0
2.0,3360.0,123.0
3.0,3800.0,123.0
1.0,1617.0,99.0
2.0,1152.0,104.0
2.0,2592.0,125.0
3.0,3600.0,125.0
2.0,1608.0,64.0
2.0,1575.0,125.0
1.0,2145.0,94.0
2.0,2700.0,114.0
1.0,2128.0,104.0
2.0,2980.0,123.0
3.0,2716.0,125.0
1.0,2133.0,99.0
1.0,1132.0,33.0
1.0,2891.0,114.0
2.0,1200.0,99.0
1.0,1304.0,74.0
3.0,3600.0,125.0
2.0,2456.0,99.0
3.0,2442.0,16.0
2.0,1775.0,104.0
2.0,2812.0,59.0
2.0,3300.0,99.0
3.0,3496.0,54.0
3.0,2250.0,123.0
1.0,666.0,104.0
8.0,6368.0,123.0
3.0,2938.0,2.0
1.0,1693.0,114.0
1.0,1408.0,104.0
2.0,2376.0,125.0
1.0,1240.0,99.0
1.0,2025.0,125.0
2.0,1600.0,125.0
1.0,1472.0,99.0
2.0,1712.0,114.0
1.0,1296.0,64.0
2.0,5625.0,35.0
1.0,1328.0,99.0
1.0,1404.0,94.0
3.0,2200.0,22.0
9.0,8022.0,124.0
4.0,2346.0,119.0
1.0,1460.0,114.0
3.0,3536.0,125.0
2.0,1863.0,79.0
2.0,2555.0,114.0
1.0,3038.0,119.0
20.0,17200.0,112.0
3.0,2716.0,64.0
3.0,3192.0,125.0
2.0,1260.0,114.0
4.0,3034.0,94.0
3.0,3273.0,22.0
1.0,1232.0,99.0
1.0,1500.0,104.0
2.0,2544.0,94.0
2.0,3300.0,123.0
1.0,1729.0,59.0
4.0,3224.0,109.0
2.0,1652.0,125.0
2.0,2400.0,114.0
1.0,1325.0,104.0
4.0,3213.0,93.0
1.0,1712.0,94.0
4.0,3680.0,99.0
2.0,2394.0,125.0
3.0,3420.0,93.0
2.0,3192.0,114.0
1.0,1683.0,104.0
1.0,1400.0,44.0
2.0,2940.0,59.0
4.0,4900.0,93.0
3.0,3483.0,125.0
2.0,4582.0,123.0
1.0,1312.0,99.0
1.0,1428.0,94.0
1.0,1092.0,99.0
4.0,3900.0,104.0
2.0,2560.0,59.0
8.0,8800.0,93.0
1.0,1729.0,59.0
4.0,3198.0,94.0
2.0,1654.0,109.0
2.0,2752.0,114.0
2.0,1312.0,104.0
2.0,1760.0,84.0
2.0,2416.0,104.0
1.0,1344.0,94.0
1.0,4000.0,104.0
2.0,1690.0,84.0
1.0,1789.0,89.0
3.0,3366.0,18.0
2.0,2320.0,99.0
1.0,1400.0,104.0
4.0,1904.0,93.0
1.0,2104.0,94.0
2.0,2000.0,28.0
4.0,2520.0,93.0
1.0,856.0,99.0
2.0,1400.0,79.0
1.0,1274.0,99.0
2.0,2223.0,64.0
2.0,2628.0,114.0
2.0,2160.0,94.0
1.0,1440.0,94.0
1.0,1116.0,39.0
3.0,3465.0,64.0
3.0,3291.0,54.0
3.0,3528.0,20.0
1.0,1000.0,123.0
1.0,3676.0,114.0
2.0,2080.0,123.0
3.0,3425.0,104.0
4.0,3360.0,99.0
2.0,3564.0,104.0
4.0,3000.0,109.0
2.0,4498.0,64.0
1.0,975.0,104.0
1.0,1680.0,104.0
3.0,2970.0,119.0
2.0,2661.0,114.0
2.0,1248.0,99.0
2.0,2536.0,59.0
7.0,6040.0,104.0
3.0,3300.0,24.0
6.0,4818.0,93.0
3.0,3744.0,15.0
8.0,10000.0,119.0
2.0,1800.0,125.0
2.0,2218.0,114.0
1.0,1166.0,104.0
6.0,4125.0,93.0
2.0,1809.0,94.0
2.0,1824.0,84.0
1.0,1596.0,123.0
2.0,1440.0,93.0
2.0,2990.0,64.0
3.0,1725.0,125.0
2.0,1786.0,104.0
1.0,1463.0,114.0
1.0,1724.0,104.0
2.0,2400.0,125.0
2.0,1760.0,64.0
2.0,1800.0,104.0
2.0,2424.0,99.0
2.0,1476.0,94.0
2.0,5725.0,123.0
1.0,1257.0,114.0
2.0,2968.0,125.0
1.0,2616.0,114.0
3.0,2673.0,125.0
1.0,1280.0,104.0
2.0,1961.0,84.0
1.0,988.0,99.0
2.0,2000.0,94.0
1.0,3036.0,114.0
2.0,3392.0,64.0
2.0,4032.0,125.0
1.0,1116.0,34.0
2.0,2480.0,99.0
1.0,1404.0,94.0
2.0,2260.0,64.0
1.0,1064.0,99.0
2.0,2916.0,99.0
1.0,1432.0,99.0
9.0,4553.0,118.0
3.0,1752.0,123.0
2.0,2118.0,99.0
2.0,2812.0,64.0
2.0,4437.0,125.0
4.0,3696.0,94.0
2.0,2880.0,123.0
17.0,20255.0,7.0
3.0,4662.0,99.0
2.0,2904.0,99.0
2.0,2420.0,123.0
2.0,3162.0,123.0
1.0,1500.0,99.0
1.0,1836.0,104.0
1.0,2470.0,114.0
1.0,1274.0,99.0
2.0,1856.0,99.0
1.0,1584.0,64.0
1.0,1430.0,99.0
2.0,2717.0,84.0
2.0,1695.0,123.0
2.0,3420.0,114.0
2.0,1496.0,84.0
2.0,3450.0,109.0
2.0,1616.0,94.0
2.0,1778.0,74.0
3.0,2322.0,99.0
2.0,2700.0,125.0
2.0,2683.0,114.0
2.0,2000.0,94.0
3.0,2190.0,114.0
7.0,6800.0,94.0
2.0,2113.0,74.0
2.0,2928.0,20.0
1.0,1896.0,74.0
2.0,2548.0,99.0
1.0,1232.0,104.0
2.0,2040.0,123.0
8.0,8640.0,104.0
1.0,1036.0,94.0
6.0,3600.0,104.0
2.0,2080.0,94.0
20.0,13320.0,117.0
1.0,2468.0,109.0
2.0,2128.0,104.0
2.0,2695.0,94.0
1.0,1278.0,94.0
2.0,2235.0,64.0
2.0,1537.0,59.0
1.0,820.0,99.0
2.0,1920.0,44.0
3.0,2558.0,89.0
2.0,1880.0,125.0
1.0,1272.0,99.0
1.0,2100.0,114.0
2.0,2000.0,99.0
2.0,1720.0,123.0
1.0,1377.0,74.0
1.0,1296.0,104.0
2.0,1707.0,123.0
3.0,3680.0,114.0
2.0,2320.0,104.0
3.0,2369.0,125.0
1.0,1456.0,109.0
2.0,1260.0,99.0
2.0,2310.0,94.0
1.0,1824.0,84.0
2.0,2825.0,164.0
3.0,2924.0,95.0
1.0,1296.0,64.0
2.0,2280.0,94.0
1.0,868.0,104.0
2.0,1600.0,99.0
2.0,3300.0,109.0
4.0,2646.0,124.0
2.0,2475.0,125.0
2.0,1736.0,99.0
2.0,2080.0,94.0
1.0,1680.0,16.0
3.0,2938.0,2.0
2.0,3024.0,125.0
8.0,2800.0,119.0
2.0,1728.0,114.0
2.0,2016.0,125.0
3.0,3392.0,123.0
2.0,2520.0,59.0
2.0,2079.0,84.0
1.0,1296.0,24.0
2.0,2160.0,84.0
2.0,2844.0,114.0
1.0,1148.0,104.0
4.0,3936.0,104.0
2.0,2705.0,114.0
4.0,3040.0,94.0
3.0,3123.0,19.0
1.0,1565.0,123.0
1.0,1132.0,34.0
1.0,1464.0,99.0
2.0,3300.0,125.0
2.0,2480.0,99.0
1.0,1224.0,99.0
4.0,3480.0,104.0
2.0,2020.0,104.0
3.0,3391.0,44.0
1.0,1116.0,35.0
2.0,3652.0,4.0
2.0,2850.0,99.0
2.0,2531.0,1.0
1.0,1032.0,123.0
1.0,1632.0,109.0
2.0,1320.0,123.0
1.0,1148.0,38.0
2.0,3042.0,74.0
1.0,3868.0,114.0
3.0,3200.0,123.0
2.0,3624.0,123.0
2.0,2448.0,114.0
1.0,3290.0,125.0
2.0,2140.0,114.0
4.0,4400.0,94.0
3.0,2565.0,114.0
2.0,2280.0,125.0
2.0,2048.0,5.0
2.0,1683.0,94.0
2.0,2040.0,123.0
2.0,2048.0,104.0
1.0,1352.0,99.0
4.0,5176.0,104.0
2.0,1960.0,94.0
2.0,1602.0,114.0
1.0,1694.0,74.0
2.0,2320.0,99.0
1.0,1312.0,99.0
2.0,2440.0,94.0
2.0,2700.0,114.0
4.0,3200.0,93.0
1.0,986.0,114.0
1.0,2216.0,104.0
1.0,1998.0,99.0
2.0,1872.0,89.0
2.0,2734.0,119.0
1.0,1040.0,104.0
3.0,3312.0,123.0
2.0,2100.0,84.0
3.0,3013.0,59.0
2.0,2288.0,125.0
1.0,960.0,99.0
1.0,1562.0,104.0
2.0,1575.0,74.0
1.0,1456.0,99.0
2.0,2556.0,94.0
3.0,2640.0,125.0
3.0,3168.0,18.0
1.0,826.0,104.0
1.0,1492.0,94.0
2.0,1012.0,123.0
2.0,2920.0,94.0
6.0,6006.0,117.0
1.0,1680.0,109.0
2.0,1872.0,69.0
1.0,1924.0,64.0
1.0,1320.0,94.0
2.0,3000.0,104.0
1.0,5000.0,104.0
4.0,2830.0,114.0
1.0,1370.0,94.0
3.0,2559.0,19.0
2.0,3600.0,123.0
1.0,2040.0,125.0
1.0,1216.0,104.0
1.0,1480.0,104.0
2.0,2490.0,125.0
2.0,2808.0,64.0
1.0,1520.0,114.0
1.0,1968.0,104.0
1.0,1671.0,84.0
1.0,1222.0,104.0
1.0,1440.0,99.0
1.0,1596.0,114.0
2.0,3464.0,125.0
1.0,1216.0,64.0
4.0,3129.0,99.0
1.0,1326.0,104.0
4.0,1687.0,119.0
2.0,3360.0,123.0
2.0,3498.0,123.0
2.0,1310.0,99.0
2.0,2000.0,89.0
2.0,1368.0,74.0
6.0,3000.0,119.0
3.0,3080.0,123.0
2.0,2000.0,94.0
1.0,1440.0,114.0
2.0,2769.0,94.0
2.0,3230.0,104.0
2.0,1784.0,114.0
1.0,608.0,6.0
2.0,2610.0,123.0
2.0,1888.0,114.0
1.0,1344.0,104.0
3.0,3404.0,94.0
3.0,2160.0,84.0
2.0,1797.0,84.0
2.0,2700.0,125.0
1.0,968.0,69.0
2.0,1944.0,125.0
1.0,1309.0,94.0
2.0,2840.0,104.0
2.0,1640.0,94.0
1.0,2080.0,104.0
2.0,3600.0,125.0
2.0,2048.0,114.0
2.0,1998.0,79.0
2.0,1944.0,31.0
2.0,1920.0,125.0
1.0,1076.0,99.0
4.0,3116.0,93.0
2.0,2940.0,94.0
3.0,3516.0,119.0
1.0,1728.0,104.0
2.0,2250.0,123.0
1.0,1408.0,99.0
1.0,4368.0,99.0
2.0,2652.0,8.0
2.0,3115.0,69.0
1.0,1314.0,28.0
1.0,1440.0,99.0
1.0,1456.0,94.0
1.0,1380.0,104.0
2.0,2125.0,114.0
1.0,1248.0,99.0
1.0,1960.0,89.0
2.0,1729.0,79.0
2.0,2152.0,64.0
1.0,1344.0,94.0
5.0,3105.0,104.0
2.0,1600.0,119.0
1.0,2846.0,114.0
3.0,3123.0,125.0
2.0,3032.0,109.0
2.0,1650.0,125.0
1.0,1920.0,125.0
20.0,14984.0,93.0
2.0,2970.0,125.0
2.0,2584.0,125.0
2.0,1800.0,104.0
2.0,2541.0,1.0
1.0,1688.0,99.0
2.0,1515.0,74.0
1.0,1512.0,99.0
3.0,3660.0,94.0
3.0,2820.0,123.0
4.0,3217.0,125.0
3.0,3200.0,119.0
2.0,2508.0,94.0
2.0,4884.0,59.0
1.0,2250.0,125.0
3.0,3400.0,84.0
2.0,2080.0,109.0
8.0,7800.0,93.0
2.0,3410.0,89.0
2.0,1760.0,104.0
2.0,2400.0,123.0
1.0,2840.0,59.0
2.0,2660.0,114.0
2.0,2200.0,54.0
1.0,1355.0,104.0
2.0,3360.0,125.0
1.0,1776.0,104.0
3.0,1840.0,89.0
2.0,4734.0,123.0
2.0,3570.0,119.0
1.0,1404.0,59.0
2.0,4440.0,125.0
2.0,1872.0,79.0
1.0,1045.0,99.0
1.0,1280.0,99.0
2.0,1500.0,114.0
3.0,2160.0,114.0
2.0,2080.0,114.0
1.0,1280.0,84.0
2.0,1980.0,99.0
2.0,2898.0,31.0
2.0,1971.0,104.0
2.0,2320.0,99.0
2.0,2920.0,21.0
4.0,2838.0,125.0
8.0,4500.0,93.0
3.0,2040.0,17.0
2.0,1848.0,74.0
2.0,2440.0,94.0
3.0,1976.0,114.0
1.0,1134.0,34.0
2.0,2535.0,114.0
1.0,2650.0,94.0
3.0,2768.0,109.0
3.0,4130.0,19.0
2.0,2544.0,94.0
1.0,1575.0,84.0
1.0,3200.0,123.0
3.0,2394.0,114.0
3.0,3040.0,19.0
1.0,1528.0,99.0
1.0,1128.0,99.0
4.0,3588.0,114.0
2.0,2000.0,104.0
2.0,2123.0,74.0
1.0,1960.0,99.0
2.0,2200.0,99.0
2.0,1656.0,125.0
2.0,2320.0,114.0
2.0,3100.0,54.0
2.0,1980.0,33.0
1.0,1200.0,99.0
2.0,1802.0,69.0
2.0,1512.0,123.0
3.0,3051.0,54.0
2.0,2000.0,94.0
1.0,1148.0,37.0
2.0,3360.0,123.0
1.0,1597.0,64.0
3.0,1924.0,18.0
1.0,2052.0,59.0
2.0,2122.0,19.0
3.0,2700.0,125.0
4.0,4125.0,104.0
2.0,2496.0,125.0
2.0,1322.0,94.0
1.0,1288.0,99.0
1.0,1923.0,94.0
2.0,2100.0,99.0
2.0,1936.0,125.0
1.0,1620.0,37.0
1.0,1830.0,79.0
2.0,2200.0,84.0
2.0,1500.0,114.0
1.0,1568.0,104.0
2.0,2001.0,114.0
2.0,2643.0,104.0
2.0,1600.0,99.0
3.0,3328.0,125.0
1.0,1041.0,104.0
1.0,1644.0,104.0
3.0,4152.0,99.0
20.0,17600.0,93.0
2.0,2400.0,99.0
2.0,2616.0,123.0
3.0,3360.0,125.0
1.0,1260.0,99.0
2.0,1768.0,104.0
1.0,868.0,104.0
2.0,2200.0,104.0
3.0,1776.0,94.0
2.0,1356.0,99.0
1.0,1568.0,94.0
2.0,1922.0,114.0
1.0,1400.0,109.0
2.0,3400.0,125.0
2.0,2153.0,44.0
2.0,2328.0,123.0
1.0,1424.0,125.0
6.0,6150.0,94.0
1.0,1473.0,84.0
21.0,14200.0,102.0
4.0,3280.0,93.0
3.0,3120.0,125.0
1.0,1520.0,99.0
4.0,3645.0,114.0
1.0,1120.0,104.0
2.0,4860.0,114.0
3.0,3300.0,114.0
2.0,3660.0,125.0
2.0,1720.0,79.0
1.0,1414.0,104.0
3.0,2955.0,125.0
1.0,1520.0,94.0
1.0,1344.0,99.0
2.0,2480.0,114.0
2.0,2212.0,109.0
1.0,1080.0,69.0
2.0,2970.0,64.0
1.0,1316.0,104.0
5.0,4300.0,94.0
2.0,2760.0,123.0
1.0,1064.0,99.0
2.0,3392.0,64.0
2.0,1197.0,99.0
2.0,1488.0,104.0
1.0,1574.0,94.0
2.0,1856.0,99.0
1.0,1761.0,79.0
2.0,1585.0,64.0
2.0,4116.0,99.0
1.0,1436.0,109.0
1.0,2466.0,125.0
2.0,2128.0,104.0
2.0,2532.0,104.0
1.0,1036.0,99.0
2.0,1110.0,99.0
1.0,1408.0,94.0
2.0,1788.0,74.0
4.0,2880.0,124.0
2.0,1914.0,17.0
2.0,1897.0,84.0
1.0,1428.0,99.0
6.0,4500.0,93.0
1.0,1312.0,104.0
1.0,1492.0,99.0
4.0,2993.0,94.0
2.0,2784.0,125.0
3.0,2175.0,104.0
2.0,2445.0,125.0
2.0,2055.0,84.0
2.0,2589.0,119.0
1.0,1440.0,125.0
2.0,2244.0,69.0
1.0,1274.0,104.0
2.0,2144.0,123.0
3.0,3600.0,123.0
1.0,1400.0,114.0
3.0,2442.0,16.0
3.0,2360.0,94.0
2.0,1188.0,84.0
3.0,3152.0,119.0
2.0,2080.0,119.0
1.0,1430.0,99.0
4.0,3520.0,98.0
2.0,2560.0,99.0
3.0,3600.0,17.0
4.0,3300.0,124.0
2.0,1702.0,94.0
1.0,1152.0,64.0
2.0,2124.0,123.0
2.0,1082.0,114.0
2.0,3066.0,89.0
2.0,2048.0,5.0
2.0,1440.0,114.0
1.0,1440.0,64.0
2.0,3160.0,24.0
3.0,2900.0,104.0
4.0,3120.0,93.0
3.0,1920.0,94.0
1.0,1022.0,104.0
1.0,1352.0,99.0
1.0,1208.0,99.0
1.0,1344.0,35.0
2.0,2080.0,20.0
2.0,1680.0,34.0
2.0,2534.0,99.0
7.0,8500.0,114.0
1.0,2640.0,119.0
2.0,1590.0,114.0
1.0,1630.0,13.0
2.0,2169.0,125.0
32.0,25956.0,94.0
1.0,2191.0,104.0
2.0,2430.0,99.0
2.0,1790.0,84.0
3.0,3000.0,123.0
10.0,3642.0,93.0
3.0,3027.0,123.0
3.0,2800.0,104.0
2.0,1310.0,109.0
2.0,2050.0,138.0
2.0,1496.0,104.0
1.0,1134.0,34.0
3.0,1024.0,79.0
2.0,2040.0,114.0
8.0,5915.0,125.0
2.0,2052.0,69.0
2.0,2364.0,125.0
1.0,810.0,114.0
3.0,2295.0,114.0
2.0,2040.0,114.0
3.0,3402.0,123.0
3.0,2560.0,114.0
2.0,2368.0,99.0
2.0,2520.0,125.0
3.0,3213.0,114.0
2.0,3412.0,94.0
2.0,1980.0,84.0
2.0,3000.0,109.0
1.0,1472.0,104.0
2.0,2022.0,114.0
4.0,3198.0,94.0
4.0,1838.0,124.0
2.0,1688.0,104.0
2.0,2310.0,94.0
2.0,2128.0,114.0
4.0,1880.0,93.0
3.0,1400.0,125.0
1.0,1400.0,125.0
2.0,1944.0,64.0
2.0,2040.0,94.0
2.0,4413.0,104.0
1.0,1200.0,104.0
3.0,2880.0,114.0
3.0,2850.0,114.0
3.0,4760.0,104.0
1.0,1088.0,64.0
2.0,2040.0,123.0
1.0,1092.0,94.0
8.0,9936.0,6.0
1.0,1584.0,99.0
2.0,1920.0,109.0
2.0,2700.0,119.0
2.0,2050.0,79.0
3.0,2120.0,104.0
2.0,2080.0,19.0
1.0,1828.0,125.0
1.0,1132.0,79.0
1.0,1888.0,84.0
2.0,2160.0,84.0
1.0,1601.0,69.0
25.0,18020.0,104.0
3.0,7169.0,1.0
2.0,2270.0,89.0
1.0,1116.0,74.0
1.0,852.0,99.0
2.0,2048.0,114.0
2.0,2058.0,69.0
3.0,3708.0,125.0
2.0,1860.0,99.0
6.0,6450.0,93.0
1.0,1188.0,99.0
1.0,1116.0,35.0
2.0,2270.0,23.0
1.0,1428.0,94.0
2.0,2600.0,94.0
2.0,2128.0,125.0
2.0,2163.0,104.0
2.0,2640.0,94.0
2.0,1400.0,114.0
4.0,3120.0,99.0
2.0,1520.0,104.0
1.0,1372.0,99.0
1.0,1116.0,38.0
8.0,6000.0,114.0
1.0,1672.0,125.0
6.0,3607.0,124.0
1.0,2148.0,89.0
2.0,1584.0,104.0
2.0,2492.0,94.0
1.0,1440.0,64.0
2.0,1928.0,123.0
2.0,1836.0,64.0
3.0,2040.0,84.0
1.0,1366.0,84.0
2.0,2120.0,114.0
2.0,2400.0,109.0
6.0,5250.0,94.0
1.0,1320.0,99.0
2.0,2058.0,119.0
6.0,5600.0,124.0
3.0,3212.0,84.0
1.0,1440.0,99.0
1.0,1392.0,74.0
2.0,1728.0,123.0
2.0,2950.0,20.0
1.0,1594.0,69.0
3.0,2589.0,114.0
2.0,2200.0,123.0
2.0,1540.0,69.0
1.0,1432.0,104.0
3.0,3285.0,125.0
2.0,3180.0,109.0
2.0,3500.0,104.0
2.0,2100.0,94.0
2.0,2160.0,123.0
2.0,2560.0,99.0
2.0,1628.0,64.0
2.0,2880.0,114.0
4.0,2052.0,93.0
3.0,3600.0,114.0
2.0,2108.0,114.0
1.0,2165.0,94.0
1.0,1312.0,99.0
1.0,1120.0,74.0
1.0,868.0,89.0
1.0,1224.0,94.0
2.0,2265.0,69.0
6.0,3750.0,93.0
1.0,2088.0,104.0
4.0,3696.0,93.0
1.0,1860.0,93.0
2.0,1785.0,123.0
6.0,4125.0,93.0
4.0,4968.0,93.0
2.0,1827.0,84.0
4.0,3480.0,96.0
2.0,1500.0,123.0
1.0,1120.0,84.0
3.0,3135.0,123.0
1.0,1925.0,99.0
2.0,2200.0,123.0
1.0,1795.0,79.0
2.0,1938.0,125.0
2.0,1938.0,94.0
2.0,1560.0,123.0
2.0,1976.0,104.0
2.0,1993.0,79.0
1.0,952.0,99.0
2.0,1428.0,125.0
1.0,1836.0,54.0
1.0,2000.0,104.0
2.0,1620.0,104.0
2.0,2560.0,114.0
1.0,3240.0,94.0
2.0,3420.0,114.0
2.0,2250.0,109.0
1.0,1224.0,64.0
1.0,704.0,94.0
3.0,2320.0,99.0
1.0,1422.0,104.0
2.0,3502.0,99.0
2.0,2585.0,99.0
8.0,6000.0,93.0
2.0,1400.0,109.0
2.0,2102.0,125.0
1.0,2016.0,69.0
2.0,1536.0,123.0
27.0,25836.0,104.0
1.0,1264.0,104.0
2.0,2700.0,104.0
1.0,2800.0,64.0
2.0,2024.0,119.0
1.0,1116.0,38.0
2.0,2832.0,119.0
2.0,2560.0,114.0
3.0,3432.0,109.0
3.0,2925.0,22.0
3.0,3430.0,59.0
2.0,1529.0,104.0
2.0,2138.0,104.0
1.0,2076.0,59.0
2.0,2400.0,49.0
1.0,1320.0,104.0
1.0,1120.0,94.0
1.0,2367.0,74.0
2.0,1672.0,74.0
1.0,1348.0,104.0
1.0,840.0,79.0
6.0,6006.0,117.0
2.0,2176.0,84.0
1.0,952.0,104.0
3.0,2556.0,104.0
1.0,2400.0,119.0
2.0,1586.0,99.0
1.0,2368.0,89.0
2.0,2880.0,29.0
1.0,1472.0,104.0
2.0,3135.0,114.0
3.0,2610.0,114.0
2.0,2120.0,94.0
1.0,1647.0,123.0
1.0,1400.0,104.0
4.0,4125.0,114.0
3.0,1785.0,123.0
1.0,1376.0,99.0
1.0,2884.0,123.0
1.0,589.0,104.0
2.0,2436.0,94.0
3.0,2008.0,94.0
1.0,3020.0,125.0
1.0,1216.0,59.0
2.0,2260.0,123.0
2.0,2250.0,123.0
2.0,2000.0,104.0
4.0,4200.0,119.0
4.0,2400.0,124.0
1.0,1340.0,37.0
2.0,1760.0,64.0
2.0,1812.0,114.0
2.0,3760.0,123.0
1.0,1850.0,123.0
2.0,1800.0,89.0
2.0,2580.0,125.0
2.0,2052.0,74.0
2.0,2320.0,99.0
6.0,3750.0,93.0
2.0,2293.0,114.0
1.0,1016.0,114.0
3.0,3120.0,114.0
1.0,1540.0,94.0
2.0,4016.0,125.0
1.0,1152.0,94.0
2.0,1516.0,109.0
2.0,1944.0,64.0
2.0,3145.0,19.0
2.0,2003.0,69.0
2.0,2180.0,114.0
2.0,1710.0,94.0
1.0,2400.0,6.0
2.0,1280.0,94.0
2.0,2136.0,99.0
1.0,1640.0,37.0
2.0,2560.0,94.0
3.0,2400.0,125.0
2.0,2280.0,64.0
2.0,2608.0,123.0
1.0,1352.0,94.0
4.0,3198.0,94.0
1.0,1500.0,109.0
4.0,3280.0,94.0
1.0,1530.0,24.0
8.0,8200.0,113.0
2.0,2160.0,94.0
8.0,11200.0,94.0
3.0,2740.0,89.0
2.0,1824.0,99.0
2.0,1900.0,94.0
3.0,2580.0,123.0
1.0,640.0,114.0
2.0,2046.0,123.0
3.0,2624.0,104.0
2.0,3300.0,99.0
2.0,2160.0,114.0
2.0,2436.0,104.0
1.0,1118.0,99.0
4.0,2779.0,124.0
1.0,840.0,99.0
1.0,1040.0,104.0
1.0,1378.0,94.0
3.0,3696.0,125.0
3.0,2880.0,104.0
1.0,1344.0,31.0
2.0,3360.0,123.0
5.0,3950.0,125.0
1.0,1511.0,104.0
2.0,2090.0,119.0
2.0,3000.0,74.0
1.0,2250.0,125.0
2.0,1849.0,123.0
2.0,2700.0,104.0
2.0,1840.0,64.0
7.0,4268.0,125.0
2.0,1760.0,64.0
2.0,1932.0,114.0
2.0,2440.0,104.0
2.0,1939.0,64.0
2.0,3824.0,125.0
1.0,5492.0,125.0
1.0,848.0,94.0
5.0,4247.0,104.0
3.0,3780.0,18.0
1.0,1316.0,94.0
1.0,1620.0,37.0
1.0,3328.0,93.0
4.0,2880.0,100.0
3.0,4320.0,20.0
1.0,1376.0,94.0
1.0,3299.0,9.0
1.0,2280.0,64.0
1.0,876.0,99.0
1.0,1280.0,99.0
2.0,2888.0,84.0
1.0,1400.0,89.0
1.0,816.0,104.0
2.0,3240.0,125.0
3.0,3135.0,114.0
3.0,3135.0,123.0
1.0,1552.0,99.0
1.0,1116.0,38.0
1.0,1643.0,84.0
1.0,1614.0,69.0
2.0,2144.0,123.0
2.0,4599.0,114.0
1.0,1326.0,99.0
2.0,2558.0,104.0
1.0,1440.0,104.0
2.0,3120.0,119.0
2.0,2096.0,114.0
6.0,5540.0,98.0
1.0,2896.0,104.0
2.0,1732.0,84.0
2.0,2472.0,125.0
2.0,1876.0,99.0
2.0,2224.0,119.0
2.0,2460.0,104.0
2.0,1600.0,109.0
2.0,5689.0,125.0
2.0,1862.0,94.0
1.0,1080.0,64.0
1.0,3102.0,8.0
1.0,5030.0,145.0
1.0,1078.0,94.0
1.0,1300.0,114.0
2.0,1848.0,89.0
3.0,3822.0,124.0
2.0,3900.0,99.0
2.0,3360.0,125.0
3.0,2640.0,84.0
1.0,2174.0,99.0
3.0,2500.0,123.0
1.0,1600.0,99.0
1.0,980.0,104.0
2.0,2080.0,104.0
1.0,1125.0,99.0
2.0,1914.0,74.0
3.0,5497.0,114.0
3.0,2700.0,29.0
3.0,2268.0,123.0
3.0,3168.0,54.0
2.0,2100.0,84.0
2.0,1791.0,114.0
1.0,1280.0,104.0
1.0,1024.0,94.0
3.0,3318.0,119.0
1.0,1673.0,84.0
2.0,2844.0,114.0
3.0,3776.0,93.0
1.0,1116.0,38.0
1.0,1336.0,94.0
3.0,2775.0,18.0
3.0,3375.0,94.0
2.0,2224.0,114.0
1.0,4500.0,89.0
1.0,1624.0,94.0
1.0,1224.0,89.0
3.0,3150.0,114.0
1.0,1440.0,114.0
1.0,1870.0,54.0
1.0,1778.0,99.0
1.0,2880.0,104.0
1.0,1116.0,37.0
1.0,2700.0,123.0
1.0,952.0,114.0
3.0,2680.0,99.0
3.0,2700.0,125.0
2.0,3600.0,198.0
4.0,2520.0,94.0
1.0,969.0,104.0
4.0,3712.0,93.0
1.0,1116.0,34.0
2.0,2120.0,114.0
4.0,3206.0,94.0
4.0,2800.0,93.0
2.0,2304.0,64.0
3.0,7488.0,64.0
4.0,3198.0,104.0
2.0,2970.0,119.0
1.0,1008.0,99.0
2.0,1764.0,123.0
4.0,3213.0,94.0
2.0,1260.0,104.0
6.0,2636.0,114.0
3.0,2790.0,99.0
2.0,2604.0,14.0
2.0,2600.0,94.0
3.0,2320.0,99.0
1.0,1088.0,74.0
2.0,2472.0,125.0
2.0,1462.0,114.0
1.0,1432.0,104.0
2.0,1360.0,104.0
2.0,1848.0,94.0
2.0,2600.0,99.0
2.0,1946.0,99.0
3.0,2700.0,20.0
1.0,1772.0,104.0
1.0,1292.0,99.0
3.0,2768.0,119.0
2.0,2670.0,99.0
2.0,3112.0,195.0
2.0,2400.0,104.0
1.0,2606.0,99.0
2.0,2600.0,99.0
1.0,1624.0,109.0
2.0,3200.0,123.0
2.0,1404.0,125.0
1.0,1730.0,114.0
4.0,2565.0,93.0
1.0,2150.0,99.0
2.0,1610.0,69.0
2.0,2196.0,104.0
1.0,4624.0,114.0
3.0,2968.0,64.0
6.0,4200.0,93.0
1.0,1176.0,94.0
1.0,1152.0,109.0
1.0,975.0,104.0
1.0,1432.0,89.0
1.0,1328.0,104.0
4.0,3440.0,94.0
2.0,2520.0,94.0
3.0,3040.0,123.0
3.0,1646.0,104.0
6.0,5710.0,104.0
4.0,1987.0,93.0
1.0,1520.0,54.0
4.0,4296.0,104.0
3.0,3600.0,125.0
1.0,1196.0,104.0
1.0,2052.0,99.0
3.0,2511.0,125.0
2.0,2156.0,64.0
2.0,1320.0,69.0
3.0,2000.0,114.0
2.0,1274.0,104.0
1.0,924.0,94.0
1.0,1730.0,99.0
1.0,1881.0,59.0
2.0,2424.0,104.0
2.0,1612.0,69.0
1.0,442.0,79.0
3.0,3200.0,124.0
2.0,2280.0,104.0
2.0,1890.0,84.0
4.0,6300.0,114.0
3.0,5544.0,123.0
2.0,1520.0,94.0
1.0,3464.0,149.0
1.0,1950.0,89.0
2.0,1472.0,89.0
1.0,1440.0,99.0
1.0,1452.0,39.0
2.0,2046.0,84.0
2.0,3599.0,124.0
6.0,5196.0,114.0
2.0,1748.0,123.0
1.0,1960.0,99.0
2.0,2736.0,99.0
2.0,1778.0,64.0
2.0,2076.0,104.0
2.0,2400.0,99.0
2.0,2125.0,74.0
1.0,2400.0,114.0
2.0,2100.0,123.0
1.0,2237.0,125.0
4.0,3520.0,93.0
3.0,3592.0,125.0
1.0,1670.0,104.0
1.0,1568.0,94.0
1.0,1280.0,39.0
3.0,1944.0,114.0
3.0,2700.0,125.0
2.0,1184.0,94.0
1.0,1034.0,104.0
2.0,1800.0,125.0
3.0,3013.0,59.0
2.0,2430.0,99.0
1.0,2052.0,94.0
1.0,7200.0,21.0
2.0,2864.0,99.0
1.0,1696.0,89.0
1.0,1670.0,99.0
2.0,3920.0,125.0
2.0,2133.0,79.0
2.0,2120.0,114.0
1.0,1112.0,99.0
2.0,4170.0,109.0
2.0,2200.0,93.0
2.0,3004.0,123.0
2.0,1184.0,104.0
1.0,1440.0,119.0
2.0,3540.0,123.0
2.0,1200.0,125.0
1.0,1092.0,109.0
1.0,1368.0,59.0
2.0,2780.0,114.0
1.0,1674.0,94.0
2.0,3800.0,125.0
1.0,1120.0,104.0
3.0,4800.0,114.0
2.0,1844.0,84.0
1.0,1388.0,104.0
20.0,14200.0,102.0
4.0,3024.0,125.0
4.0,3200.0,99.0
2.0,1846.0,114.0
2.0,2080.0,94.0
1.0,1264.0,109.0
2.0,1692.0,99.0
2.0,1508.0,104.0
1.0,1136.0,109.0
2.0,1857.0,123.0
3.0,1800.0,114.0
2.0,1400.0,114.0
2.0,1800.0,114.0
2.0,1606.0,104.0
1.0,1300.0,104.0
3.0,5616.0,89.0
1.0,1730.0,114.0
1.0,1132.0,33.0
2.0,2490.0,99.0
5.0,3869.0,93.0
1.0,1168.0,69.0
2.0,2214.0,64.0
1.0,896.0,84.0
4.0,6794.0,115.0
8.0,3780.0,114.0
2.0,2317.0,26.0
2.0,1728.0,123.0
3.0,2280.0,123.0
3.0,2920.0,123.0
1.0,1120.0,104.0
3.0,2842.0,114.0
2.0,2324.0,125.0
2.0,2630.0,123.0
2.0,2852.0,114.0
2.0,3440.0,125.0
1.0,1496.0,99.0
2.0,2760.0,64.0
1.0,1206.0,104.0
4.0,2320.0,93.0
1.0,1152.0,109.0
2.0,1540.0,54.0
2.0,2301.0,125.0
3.0,2552.0,99.0
2.0,1400.0,64.0
2.0,2208.0,114.0
2.0,1440.0,125.0
2.0,1984.0,123.0
2.0,2144.0,104.0
2.0,2160.0,64.0
1.0,1440.0,99.0
2.0,1204.0,99.0
2.0,2700.0,104.0
1.0,1536.0,104.0
1.0,1692.0,125.0
2.0,906.0,84.0
3.0,1995.0,114.0
8.0,8495.0,119.0
2.0,2260.0,104.0
2.0,2928.0,123.0
3.0,3360.0,123.0
2.0,1260.0,109.0
3.0,2106.0,104.0
1.0,3040.0,125.0
1.0,1320.0,114.0
1.0,1404.0,99.0
1.0,1376.0,104.0
2.0,1432.0,94.0
2.0,2189.0,125.0
4.0,3750.0,104.0
1.0,1026.0,114.0
2.0,1056.0,84.0
2.0,2184.0,99.0
2.0,1204.0,99.0
1.0,1804.0,99.0
1.0,924.0,104.0
12.0,10320.0,97.0
2.0,1432.0,94.0
1.0,3730.0,114.0
2.0,1160.0,114.0
3.0,2625.0,125.0
2.0,1859.0,114.0
2.0,2060.0,114.0
2.0,1632.0,104.0
1.0,1263.0,89.0
1.0,1156.0,99.0
2.0,1622.0,94.0
1.0,1729.0,59.0
4.0,4608.0,104.0
3.0,3828.0,109.0
6.0,4920.0,93.0
3.0,3200.0,119.0
2.0,2409.0,123.0
2.0,2794.0,32.0
2.0,1680.0,94.0
2.0,3300.0,114.0
1.0,1588.0,123.0
1.0,1260.0,94.0
2.0,2560.0,99.0
46.0,35200.0,98.0
2.0,3200.0,114.0
1.0,2242.0,123.0
3.0,3878.0,59.0
2.0,1836.0,99.0
1.0,1638.0,99.0
1.0,1152.0,64.0
2.0,2750.0,104.0
6.0,3750.0,113.0
2.0,3761.0,124.0
2.0,2214.0,64.0
1.0,1795.0,6.0
2.0,2100.0,114.0
2.0,1792.0,99.0
2.0,1998.0,84.0
3.0,2700.0,24.0
2.0,1960.0,119.0
2.0,2160.0,114.0
2.0,1842.0,69.0
2.0,2634.0,109.0
2.0,5374.0,119.0
2.0,1440.0,125.0
4.0,3300.0,104.0
8.0,6000.0,93.0
3.0,2712.0,125.0
1.0,2665.0,125.0
1.0,1408.0,94.0
1.0,1368.0,123.0
2.0,3880.0,183.0
2.0,2700.0,20.0
1.0,946.0,89.0
1.0,2205.0,79.0
1.0,1890.0,84.0
1.0,2680.0,99.0
3.0,3515.0,18.0
2.0,3300.0,18.0
1.0,1938.0,99.0
1.0,1456.0,104.0
2.0,2176.0,109.0
2.0,2104.0,114.0
3.0,1984.0,125.0
2.0,1551.0,69.0
3.0,3135.0,59.0
3.0,2532.0,18.0
2.0,1544.0,74.0
2.0,2250.0,123.0
3.0,5400.0,119.0
2.0,1560.0,69.0
1.0,2250.0,99.0
2.0,2160.0,114.0
1.0,2330.0,109.0
1.0,1360.0,94.0
2.0,3240.0,114.0
2.0,1552.0,114.0
3.0,3748.0,129.0
1.0,3330.0,123.0
1.0,1536.0,94.0
3.0,3036.0,114.0
2.0,1666.0,99.0
1.0,2520.0,104.0
2.0,2208.0,119.0
2.0,2001.0,125.0
3.0,2442.0,16.0
1.0,2320.0,99.0
2.0,1727.0,79.0
1.0,1280.0,99.0
1.0,1024.0,84.0
1.0,1808.0,104.0
1.0,1134.0,32.0
3.0,2925.0,123.0
2.0,3120.0,119.0
6.0,5100.0,113.0
2.0,2730.0,123.0
2.0,2018.0,64.0
3.0,3597.0,4.0
32.0,26890.0,40.0
1.0,2640.0,125.0
1.0,2250.0,119.0
2.0,1752.0,119.0
1.0,1730.0,99.0
1.0,1392.0,99.0
2.0,2430.0,125.0
3.0,2850.0,114.0
1.0,1696.0,89.0
2.0,2100.0,5.0
1.0,2862.0,125.0
1.0,2697.0,99.0
25.0,19890.0,112.0
7.0,5720.0,124.0
1.0,2022.0,104.0
3.0,3042.0,109.0
6.0,4125.0,88.0
1.0,2094.0,31.0
2.0,1782.0,114.0
2.0,3600.0,125.0
2.0,2976.0,94.0
2.0,1840.0,125.0
3.0,3600.0,125.0
1.0,1148.0,38.0
3.0,3420.0,93.0
2.0,2160.0,94.0
2.0,1624.0,114.0
2.0,1822.0,99.0
6.0,4866.0,104.0
2.0,2400.0,94.0
1.0,1748.0,99.0
2.0,1204.0,104.0
3.0,3048.0,125.0
2.0,1540.0,69.0
1.0,2040.0,123.0
2.0,1230.0,104.0
3.0,1627.0,74.0
2.0,1648.0,104.0
1.0,1750.0,114.0
3.0,3144.0,114.0
1.0,1312.0,94.0
1.0,1632.0,99.0
1.0,1650.0,99.0
8.0,7000.0,93.0
1.0,928.0,79.0
2.0,1840.0,64.0
3.0,2442.0,16.0
3.0,3520.0,114.0
1.0,1763.0,84.0
2.0,2560.0,104.0
2.0,2096.0,99.0
6.0,4500.0,118.0
1.0,1146.0,99.0
2.0,1532.0,125.0
2.0,2646.0,21.0
3.0,2980.0,64.0
3.0,2778.0,104.0
1.0,1280.0,104.0
3.0,2773.0,64.0
2.0,5934.0,123.0
2.0,2704.0,119.0
3.0,2400.0,123.0
1.0,2150.0,104.0
2.0,1541.0,94.0
2.0,2244.0,69.0
1.0,3360.0,26.0
1.0,1064.0,99.0
1.0,1440.0,99.0
2.0,2352.0,99.0
2.0,1419.0,84.0
1.0,1592.0,84.0
1.0,1610.0,125.0
2.0,2000.0,89.0
2.0,2376.0,109.0
2.0,2232.0,104.0
1.0,1765.0,114.0
3.0,2700.0,123.0
2.0,2000.0,125.0
2.0,1530.0,123.0
2.0,2128.0,123.0
1.0,1665.0,54.0
1.0,2309.0,125.0
3.0,3736.0,54.0
3.0,3360.0,125.0
2.0,1575.0,74.0
1.0,2136.0,114.0
1.0,2680.0,99.0
1.0,1118.0,99.0
1.0,1482.0,104.0
1.0,1300.0,104.0
1.0,4039.0,89.0
2.0,3090.0,94.0
2.0,2688.0,64.0
2.0,1765.0,89.0
1.0,1350.0,104.0
3.0,4152.0,99.0
2.0,1548.0,104.0
3.0,3000.0,104.0
3.0,4284.0,99.0
1.0,1344.0,99.0
1.0,984.0,104.0
3.0,2250.0,125.0
2.0,2160.0,84.0
4.0,2580.0,94.0
1.0,1553.0,79.0
2.0,2172.0,49.0
2.0,5616.0,49.0
4.0,2418.0,99.0
1.0,1309.0,94.0
3.0,2796.0,114.0
2.0,2538.0,125.0
4.0,2800.0,93.0
2.0,2375.0,99.0
3.0,3148.0,123.0
4.0,3510.0,94.0
1.0,1262.0,99.0
4.0,3073.0,93.0
1.0,1240.0,99.0
1.0,1088.0,64.0
2.0,2502.0,104.0
2.0,2880.0,125.0
3.0,3300.0,6.0
1.0,1872.0,64.0
1.0,1132.0,104.0
3.0,3264.0,124.0
1.0,2376.0,125.0
3.0,3000.0,104.0
1.0,1356.0,33.0
3.0,2787.0,123.0
2.0,2820.0,19.0
2.0,2128.0,94.0
2.0,1764.0,114.0
1.0,2132.0,104.0
1.0,1040.0,114.0
3.0,1296.0,114.0
1.0,840.0,99.0
3.0,2120.0,114.0
1.0,1204.0,99.0
1.0,1116.0,74.0
3.0,2574.0,18.0
1.0,1132.0,34.0
3.0,2512.0,94.0
2.0,1800.0,104.0
2.0,2080.0,114.0
2.0,2544.0,99.0
2.0,1800.0,59.0
2.0,2465.0,125.0
2.0,2940.0,114.0
2.0,3900.0,99.0
2.0,2800.0,125.0
2.0,2094.0,114.0
2.0,1680.0,104.0
1.0,1280.0,94.0
2.0,2700.0,125.0
6.0,5250.0,93.0
3.0,2080.0,114.0
3.0,3104.0,123.0
2.0,2096.0,100.0
1.0,3360.0,104.0
8.0,6000.0,93.0
2.0,2000.0,99.0
2.0,1760.0,94.0
3.0,2560.0,94.0
1.0,2835.0,89.0
2.0,2214.0,64.0
1.0,836.0,79.0
2.0,2300.0,84.0
2.0,1998.0,54.0
2.0,1344.0,94.0
1.0,1200.0,89.0
1.0,1036.0,104.0
1.0,1544.0,104.0
1.0,4182.0,89.0
6.0,4200.0,94.0
3.0,3300.0,125.0
1.0,2000.0,89.0
1.0,1620.0,37.0
2.0,2532.0,104.0
1.0,1432.0,119.0
2.0,2464.0,20.0
1.0,1134.0,89.0
2.0,2106.0,99.0
2.0,3645.0,99.0
1.0,1128.0,38.0
1.0,2208.0,123.0
1.0,1082.0,69.0
2.0,2000.0,109.0
1.0,2537.0,125.0
1.0,1968.0,64.0
1.0,750.0,99.0
1.0,1440.0,104.0
2.0,3156.0,123.0
4.0,3116.0,99.0
3.0,2961.0,20.0
1.0,1132.0,33.0
4.0,3360.0,93.0
4.0,3420.0,93.0
4.0,2400.0,124.0
2.0,1960.0,114.0
3.0,2961.0,20.0
2.0,2842.0,69.0
3.0,2980.0,59.0
2.0,1548.0,104.0
6.0,3900.0,94.0
2.0,1778.0,109.0
1.0,1488.0,119.0
2.0,2280.0,114.0
2.0,2310.0,114.0
4.0,3520.0,93.0
1.0,1316.0,89.0
2.0,1568.0,94.0
1.0,2100.0,124.0
1.0,1145.0,69.0
4.0,3600.0,104.0
1.0,1420.0,79.0
1.0,1200.0,104.0
2.0,2100.0,26.0
3.0,2016.0,94.0
3.0,3144.0,123.0
1.0,1167.0,99.0
2.0,4176.0,114.0
2.0,2184.0,69.0
2.0,2530.0,64.0
2.0,1904.0,31.0
1.0,1129.0,99.0
2.0,1360.0,44.0
2.0,1740.0,99.0
2.0,3520.0,125.0
1.0,1384.0,104.0
1.0,2540.0,125.0
1.0,5213.0,6.0
3.0,3000.0,94.0
4.0,4400.0,94.0
1.0,1425.0,99.0
3.0,2300.0,94.0
2.0,1908.0,114.0
2.0,2100.0,125.0
3.0,2832.0,69.0
3.0,2480.0,94.0
6.0,3420.0,94.0
2.0,1596.0,69.0
1.0,1064.0,104.0
2.0,1691.0,94.0
2.0,2480.0,99.0
1.0,3645.0,125.0
2.0,2475.0,125.0
3.0,3410.0,94.0
2.0,1960.0,114.0
1.0,3504.0,94.0
2.0,1577.0,64.0
1.0,1296.0,24.0
3.0,2988.0,99.0
3.0,1970.0,114.0
2.0,1888.0,94.0
1.0,2520.0,125.0
1.0,1125.0,49.0
2.0,2160.0,99.0
3.0,4839.0,104.0
1.0,938.0,94.0
1.0,1644.0,94.0
2.0,1517.0,49.0
2.0,1728.0,125.0
2.0,4292.0,94.0
2.0,992.0,74.0
1.0,1312.0,99.0
1.0,1404.0,104.0
6.0,4725.0,93.0
2.0,1944.0,64.0
1.0,1948.0,114.0
3.0,2200.0,99.0
4.0,2520.0,93.0
3.0,1750.0,114.0
2.0,1920.0,93.0
1.0,1296.0,64.0
1.0,3528.0,114.0
2.0,2024.0,99.0
10.0,11743.0,109.0
8.0,5500.0,6.0
64.0,48000.0,99.0
2.0,2280.0,104.0
1.0,1408.0,104.0
1.0,2095.0,99.0
4.0,3600.0,114.0
6.0,4500.0,94.0
2.0,2328.0,123.0
1.0,2454.0,64.0
2.0,1200.0,114.0
2.0,2034.0,89.0
2.0,2494.0,125.0
4.0,3696.0,94.0
2.0,1584.0,84.0
3.0,3072.0,114.0
4.0,2640.0,114.0
1.0,952.0,104.0
2.0,1881.0,69.0
3.0,3200.0,93.0
2.0,1635.0,79.0
2.0,2275.0,64.0
3.0,2898.0,125.0
1.0,1376.0,99.0
1.0,1036.0,99.0
2.0,2200.0,125.0
2.0,2210.0,109.0
2.0,2700.0,99.0
9.0,7220.0,125.0
2.0,2023.0,74.0
1.0,1808.0,99.0
1.0,1216.0,99.0
2.0,1916.0,31.0
1.0,1326.0,99.0
2.0,2100.0,87.0
2.0,909.0,84.0
8.0,6760.0,93.0
1.0,1232.0,99.0
2.0,800.0,79.0
1.0,3600.0,26.0
2.0,1656.0,114.0
1.0,1461.0,99.0
3.0,2645.0,74.0
2.0,1610.0,84.0
1.0,3410.0,1.0
1.0,2670.0,99.0
1.0,1666.0,104.0
2.0,1230.0,99.0
2.0,2744.0,123.0
3.0,2899.0,99.0
4.0,3000.0,94.0
3.0,3560.0,64.0
2.0,3666.0,114.0
2.0,2700.0,99.0
1.0,1280.0,109.0
2.0,1920.0,125.0
1.0,1890.0,84.0
2.0,2000.0,84.0
2.0,1608.0,99.0
2.0,1635.0,69.0
3.0,3000.0,123.0
17.0,20255.0,7.0
2.0,1208.0,89.0
3.0,4168.0,125.0
8.0,5208.0,104.0
3.0,3525.0,114.0
2.0,1260.0,99.0
2.0,8568.0,32.0
2.0,1890.0,104.0
1.0,3000.0,29.0
1.0,2578.0,104.0
1.0,1122.0,99.0
4.0,3280.0,94.0
25.0,20250.0,100.0
12.0,13171.0,5.0
2.0,2240.0,94.0
2.0,2772.0,123.0
2.0,3090.0,125.0
1.0,1709.0,99.0
2.0,3512.0,125.0
1.0,1576.0,114.0
1.0,1280.0,99.0
2.0,2000.0,94.0
2.0,1344.0,104.0
1.0,1472.0,94.0
2.0,2400.0,109.0
5.0,3600.0,125.0
1.0,2881.0,104.0
2.0,1704.0,79.0
2.0,1440.0,123.0
1.0,1568.0,99.0
1.0,1400.0,119.0
1.0,968.0,114.0
2.0,2120.0,94.0
2.0,1152.0,94.0
2.0,2520.0,125.0
1.0,1734.0,94.0
20.0,14984.0,93.0
1.0,1254.0,99.0
3.0,2700.0,123.0
1.0,1662.0,104.0
2.0,2769.0,21.0
3.0,1600.0,104.0
2.0,3664.0,125.0
2.0,2652.0,17.0
1.0,1740.0,104.0
2.0,2052.0,31.0
3.0,2961.0,99.0
2.0,1914.0,84.0
3.0,3024.0,99.0
2.0,2302.0,99.0
3.0,2843.0,114.0
2.0,2080.0,114.0
2.0,2700.0,21.0
2.0,1694.0,79.0
3.0,2820.0,109.0
1.0,1785.0,94.0
1.0,1570.0,89.0
1.0,1572.0,99.0
2.0,2108.0,94.0
2.0,1700.0,104.0
4.0,3096.0,101.0
2.0,2160.0,94.0
2.0,2430.0,15.0
2.0,3000.0,125.0
1.0,924.0,94.0
53.0,48000.0,104.0
3.0,3300.0,114.0
6.0,5412.0,104.0
3.0,3850.0,54.0
3.0,2400.0,125.0
4.0,3492.0,94.0
3.0,3068.0,114.0
2.0,2240.0,99.0
4.0,1680.0,93.0
2.0,1836.0,59.0
2.0,1820.0,69.0
2.0,1800.0,69.0
1.0,1152.0,109.0
2.0,2280.0,114.0
24.0,19300.0,99.0
2.0,1938.0,74.0
2.0,2623.0,27.0
2.0,3104.0,114.0
3.0,3741.0,17.0
1.0,2344.0,109.0
1.0,1504.0,89.0
2.0,2260.0,99.0
2.0,2192.0,114.0
2.0,4108.0,125.0
1.0,5160.0,84.0
2.0,3288.0,74.0
3.0,2160.0,104.0
2.0,2072.0,79.0
2.0,3360.0,94.0
2.0,2123.0,74.0
2.0,2598.0,125.0
1.0,2700.0,99.0
3.0,3003.0,84.0
2.0,2160.0,125.0
4.0,3388.0,99.0
2.0,2592.0,94.0
3.0,2915.0,59.0
1.0,5777.0,114.0
3.0,2609.0,1.0
1.0,1079.0,99.0
2.0,1820.0,69.0
3.0,2142.0,123.0
2.0,2532.0,114.0
1.0,1980.0,89.0
3.0,2170.0,74.0
2.0,3500.0,125.0
2.0,1782.0,89.0
3.0,3000.0,23.0
2.0,3630.0,84.0
2.0,2487.0,15.0
2.0,2200.0,104.0
2.0,1296.0,114.0
32.0,27530.0,41.0
7.0,6400.0,104.0
1.0,1112.0,99.0
4.0,4132.0,94.0
1.0,1568.0,99.0
3.0,2520.0,18.0
2.0,3280.0,123.0
1.0,1664.0,94.0
2.0,2370.0,104.0
3.0,2425.0,125.0
2.0,2125.0,69.0
2.0,2518.0,119.0
1.0,1280.0,99.0
1.0,1800.0,119.0
2.0,2140.0,25.0
1.0,2994.0,104.0
2.0,2430.0,123.0
2.0,3692.0,64.0
2.0,2400.0,125.0
2.0,1734.0,13.0
1.0,1796.0,94.0
1.0,1400.0,94.0
2.0,1880.0,79.0
1.0,1024.0,104.0
2.0,2948.0,114.0
8.0,10800.0,111.0
3.0,3600.0,104.0
2.0,2280.0,125.0
1.0,720.0,94.0
1.0,2240.0,123.0
5.0,3510.0,114.0
1.0,1036.0,99.0
1.0,1456.0,104.0
2.0,2520.0,114.0
8.0,6160.0,93.0
2.0,1848.0,74.0
2.0,3300.0,123.0
2.0,1770.0,99.0
2.0,2430.0,125.0
2.0,2160.0,99.0
1.0,1648.0,64.0
3.0,3750.0,93.0
2.0,2251.0,64.0
1.0,1844.0,114.0
1.0,840.0,99.0
2.0,2880.0,114.0
3.0,5375.0,179.0
8.0,3500.0,94.0
3.0,1764.0,123.0
1.0,2028.0,94.0
3.0,2712.0,64.0
2.0,2052.0,125.0
6.0,5062.0,88.0
1.0,1528.0,99.0
3.0,2680.0,104.0
1.0,1097.0,84.0
1.0,1184.0,104.0
2.0,2940.0,125.0
3.0,3000.0,119.0
2.0,2224.0,104.0
2.0,1764.0,123.0
4.0,3198.0,94.0
4.0,3198.0,94.0
1.0,1135.0,99.0
1.0,2955.0,125.0
2.0,1998.0,99.0
3.0,3296.0,125.0
2.0,2156.0,84.0
2.0,1280.0,94.0
1.0,1536.0,99.0
2.0,2717.0,89.0
1.0,909.0,84.0
2.0,2160.0,123.0
1.0,1070.0,79.0
3.0,2320.0,94.0
4.0,3510.0,93.0
1.0,1440.0,64.0
1.0,1472.0,104.0
2.0,1596.0,74.0
2.0,2240.0,89.0
4.0,5880.0,93.0
2.0,3674.0,94.0
19.0,12730.0,86.0
2.0,2241.0,125.0
1.0,2083.0,104.0
2.0,2280.0,125.0
3.0,1404.0,119.0
1.0,3866.0,114.0
2.0,2800.0,89.0
3.0,2820.0,114.0
2.0,3731.0,123.0
1.0,924.0,99.0
2.0,2320.0,99.0
2.0,1560.0,64.0
3.0,3628.0,94.0
2.0,2690.0,69.0
2.0,2000.0,59.0
1.0,1810.0,119.0
1.0,2070.0,104.0
3.0,3168.0,59.0
1.0,1664.0,104.0
1.0,1456.0,104.0
2.0,2770.0,94.0
2.0,1800.0,99.0
2.0,2128.0,114.0
3.0,2757.0,18.0
1.0,1494.0,114.0
3.0,2208.0,94.0
2.0,3072.0,94.0
3.0,2950.0,59.0
2.0,1428.0,104.0
2.0,1976.0,123.0
1.0,1212.0,94.0
3.0,3200.0,125.0
2.0,1440.0,99.0
2.0,2162.0,114.0
2.0,1956.0,74.0
8.0,7313.0,125.0
2.0,3200.0,114.0
3.0,3762.0,55.0
4.0,2856.0,93.0
2.0,2040.0,123.0
1.0,2615.0,114.0
3.0,2080.0,104.0
2.0,1745.0,74.0
3.0,3420.0,94.0
1.0,4160.0,7.0
2.0,2000.0,104.0
1.0,1750.0,99.0
3.0,2700.0,114.0
2.0,2210.0,69.0
4.0,2646.0,124.0
2.0,1824.0,99.0
5.0,4875.0,104.0
2.0,3678.0,99.0
4.0,3280.0,93.0
8.0,7984.0,119.0
3.0,3000.0,123.0
1.0,3422.0,104.0
8.0,3960.0,119.0
3.0,3120.0,59.0
3.0,2700.0,125.0
2.0,5000.0,123.0
3.0,4028.0,30.0
1.0,2016.0,104.0
1.0,1134.0,32.0
2.0,2160.0,123.0
2.0,1752.0,94.0
2.0,1092.0,99.0
1.0,1608.0,99.0
2.0,1716.0,64.0
1.0,1192.0,99.0
1.0,1344.0,99.0
1.0,4100.0,123.0
2.0,1640.0,99.0
1.0,1064.0,99.0
8.0,7500.0,96.0
2.0,1204.0,104.0
1.0,1440.0,99.0
1.0,1689.0,79.0
2.0,2598.0,24.0
6.0,3750.0,94.0
2.0,1537.0,59.0
1.0,2586.0,99.0
2.0,2788.0,125.0
3.0,3094.0,125.0
2.0,1600.0,114.0
1.0,1072.0,94.0
3.0,2688.0,54.0
1.0,2907.0,104.0
6.0,3402.0,104.0
2.0,2400.0,104.0
2.0,1258.0,104.0
4.0,2646.0,93.0
6.0,3608.0,119.0
1.0,1710.0,84.0
4.0,4224.0,109.0
2.0,2790.0,125.0
2.0,1252.0,123.0
2.0,2200.0,114.0
9.0,9000.0,180.0
1.0,3112.0,104.0
1.0,896.0,79.0
2.0,2365.0,84.0
2.0,1824.0,125.0
1.0,1472.0,114.0
1.0,1080.0,69.0
2.0,2048.0,99.0
2.0,2640.0,123.0
1.0,3172.0,123.0
2.0,2720.0,20.0
3.0,3080.0,99.0
7.0,6880.0,94.0
1.0,1600.0,104.0
4.0,2464.0,124.0
2.0,2380.0,64.0
3.0,4290.0,19.0
2.0,3096.0,125.0
1.0,2430.0,114.0
3.0,3151.0,17.0
1.0,1326.0,125.0
2.0,2640.0,94.0
2.0,3252.0,125.0
2.0,1596.0,104.0
3.0,2736.0,125.0
2.0,2484.0,114.0
4.0,3116.0,101.0
4.0,4900.0,95.0
1.0,2532.0,99.0
2.0,1736.0,123.0
1.0,1300.0,89.0
1.0,1573.0,104.0
8.0,10360.0,93.0
1.0,1328.0,99.0
2.0,1600.0,94.0
2.0,2520.0,125.0
1.0,2286.0,114.0
2.0,2172.0,49.0
2.0,1598.0,104.0
2.0,1609.0,104.0
2.0,3635.0,114.0
2.0,1836.0,114.0
2.0,2392.0,109.0
3.0,3156.0,125.0
16.0,13036.0,107.0
2.0,1582.0,114.0
2.0,2216.0,99.0
1.0,1485.0,104.0
1.0,1584.0,104.0
2.0,2091.0,23.0
6.0,5486.0,110.0
8.0,6960.0,100.0
1.0,1464.0,99.0
3.0,1910.0,123.0
2.0,2556.0,125.0
1.0,3885.0,59.0
2.0,2052.0,79.0
3.0,2136.0,123.0
5.0,4500.0,93.0
1.0,1408.0,114.0
1.0,2880.0,123.0
1.0,1775.0,104.0
2.0,1920.0,19.0
3.0,2606.0,19.0
2.0,2016.0,64.0
1.0,1116.0,35.0
1.0,2112.0,104.0
2.0,2000.0,99.0
2.0,2700.0,119.0
1.0,1656.0,109.0
3.0,3572.0,118.0
3.0,3352.0,104.0
18.0,17314.0,109.0
2.0,2940.0,104.0
3.0,2850.0,104.0
8.0,6176.0,5.0
2.0,1760.0,79.0
3.0,2322.0,123.0
2.0,2640.0,99.0
1.0,1472.0,99.0
2.0,1869.0,84.0
2.0,4800.0,125.0
1.0,1500.0,125.0
3.0,2736.0,123.0
2.0,2265.0,99.0
1.0,2240.0,99.0
2.0,2080.0,114.0
1.0,1818.0,69.0
3.0,2272.0,104.0
2.0,3576.0,123.0
1.0,3316.0,114.0
2.0,2172.0,49.0
1.0,1080.0,109.0
2.0,1928.0,104.0
2.0,1594.0,125.0
2.0,1408.0,79.0
2.0,1120.0,104.0
1.0,1122.0,99.0
1.0,1700.0,104.0
3.0,2832.0,114.0
3.0,2609.0,1.0
5.0,6600.0,18.0
1.0,1428.0,24.0
6.0,5022.0,94.0
1.0,781.0,109.0
2.0,2205.0,69.0
1.0,2242.0,123.0
2.0,1400.0,125.0
1.0,1050.0,114.0
1.0,838.0,99.0
1.0,2350.0,79.0
3.0,1890.0,99.0
2.0,2280.0,125.0
2.0,1920.0,123.0
3.0,3024.0,114.0
2.0,3019.0,64.0
8.0,5834.0,125.0
2.0,1250.0,104.0
2.0,1024.0,84.0
2.0,2090.0,74.0
3.0,2100.0,125.0
1.0,1376.0,99.0
2.0,2484.0,74.0
1.0,3880.0,104.0
2.0,2560.0,104.0
2.0,1587.0,79.0
8.0,2531.0,94.0
1.0,1440.0,94.0
2.0,1246.0,99.0
1.0,1777.0,84.0
1.0,1309.0,94.0
2.0,4000.0,125.0
1.0,1024.0,125.0
3.0,2940.0,114.0
2.0,2166.0,59.0
1.0,1280.0,94.0
2.0,1188.0,123.0
2.0,2920.0,21.0
4.0,3120.0,101.0
2.0,2520.0,104.0
3.0,2928.0,125.0
1.0,1424.0,99.0
3.0,2772.0,123.0
1.0,2272.0,89.0
3.0,2220.0,125.0
2.0,1940.0,109.0
2.0,1408.0,104.0
2.0,1782.0,84.0
1.0,1650.0,99.0
2.0,1748.0,125.0
2.0,3373.0,125.0
2.0,3171.0,123.0
1.0,1952.0,104.0
6.0,5880.0,119.0
2.0,1568.0,114.0
3.0,2160.0,125.0
2.0,2674.0,64.0
2.0,1400.0,99.0
2.0,3000.0,64.0
1.0,1584.0,99.0
1.0,1959.0,64.0
2.0,4000.0,177.0
4.0,3160.0,97.0
1.0,1120.0,104.0
1.0,1116.0,32.0
1.0,1340.0,37.0
2.0,3640.0,183.0
4.0,3000.0,114.0
2.0,3492.0,123.0
1.0,1394.0,94.0
2.0,1043.0,119.0
1.0,5250.0,25.0
2.0,2160.0,104.0
4.0,3520.0,93.0
2.0,2992.0,79.0
5.0,5440.0,94.0
1.0,2499.0,104.0
2.0,2289.0,69.0
3.0,2593.0,54.0
2.0,1404.0,69.0
1.0,1110.0,84.0
2.0,2474.0,125.0
2.0,2280.0,99.0
2.0,1784.0,99.0
3.0,4800.0,125.0
1.0,1188.0,64.0
2.0,1894.0,79.0
2.0,2240.0,94.0
3.0,4410.0,20.0
1.0,1187.0,114.0
1.0,2413.0,99.0
2.0,2160.0,99.0
3.0,3207.0,114.0
1.0,1376.0,89.0
2.0,3056.0,99.0
2.0,2997.0,114.0
2.0,1855.0,74.0
1.0,1384.0,104.0
2.0,2098.0,99.0
1.0,1696.0,109.0
2.0,1400.0,64.0
1.0,1462.0,99.0
2.0,1863.0,79.0
1.0,1316.0,104.0
3.0,2180.0,94.0
1.0,600.0,123.0
2.0,1980.0,84.0
1.0,2310.0,59.0
6.0,3600.0,99.0
3.0,2100.0,125.0
1.0,1536.0,104.0
2.0,3250.0,99.0
2.0,1680.0,123.0
2.0,2490.0,125.0
4.0,2385.0,93.0
3.0,2850.0,114.0
1.0,1120.0,59.0
1.0,1925.0,94.0
1.0,1250.0,99.0
1.0,1584.0,94.0
2.0,1800.0,94.0
2.0,2640.0,125.0
4.0,5506.0,93.0
2.0,3023.0,94.0
3.0,2748.0,123.0
2.0,1675.0,64.0
1.0,788.0,104.0
3.0,3090.0,99.0
6.0,5062.0,88.0
1.0,1240.0,84.0
2.0,2640.0,125.0
2.0,3400.0,89.0
1.0,1230.0,99.0
2.0,2314.0,59.0
3.0,2754.0,123.0
3.0,4552.0,125.0
4.0,1980.0,93.0
1.0,1710.0,84.0
3.0,3562.0,59.0
3.0,2295.0,125.0
1.0,1020.0,104.0
4.0,3420.0,94.0
1.0,1244.0,94.0
1.0,2264.0,89.0
1.0,1230.0,104.0
3.0,2400.0,125.0
5.0,4100.0,94.0
2.0,2140.0,40.0
1.0,1440.0,94.0
2.0,2032.0,123.0
3.0,2637.0,114.0
1.0,2445.0,104.0
1.0,1855.0,94.0
2.0,3040.0,119.0
2.0,2806.0,125.0
1.0,3710.0,99.0
1.0,1620.0,37.0
2.0,3024.0,123.0
3.0,2760.0,114.0
2.0,2144.0,114.0
1.0,1264.0,104.0
2.0,2809.0,19.0
2.0,2090.0,123.0
3.0,3001.0,125.0
4.0,3600.0,94.0
6.0,5250.0,94.0
1.0,2557.0,8.0
4.0,3213.0,93.0
3.0,2472.0,125.0
1.0,4418.0,94.0
2.0,1920.0,74.0
1.0,1280.0,104.0
2.0,1600.0,89.0
2.0,2080.0,123.0
3.0,2687.0,64.0
2.0,2320.0,7.0
1.0,1491.0,114.0
2.0,3135.0,125.0
1.0,1584.0,99.0
4.0,3980.0,49.0
3.0,2620.0,109.0
3.0,2432.0,125.0
2.0,2000.0,20.0
3.0,3750.0,59.0
3.0,2331.0,125.0
1.0,1896.0,74.0
5.0,6000.0,114.0
2.0,2492.0,4.0
4.0,4520.0,114.0
1.0,1116.0,38.0
2.0,3146.0,54.0
2.0,4200.0,125.0
2.0,2400.0,114.0
2.0,1540.0,69.0
2.0,1386.0,109.0
2.0,2180.0,89.0
2.0,1305.0,104.0
2.0,1643.0,89.0
1.0,4524.0,89.0
1.0,2625.0,99.0
1.0,924.0,99.0
8.0,5252.0,104.0
2.0,2480.0,94.0
2.0,1536.0,99.0
1.0,1356.0,99.0
1.0,1914.0,114.0
2.0,1512.0,99.0
3.0,3520.0,125.0
2.0,1320.0,94.0
2.0,1600.0,64.0
2.0,2560.0,99.0
2.0,3360.0,168.0
2.0,1908.0,99.0
3.0,3600.0,125.0
1.0,1840.0,59.0
2.0,2432.0,123.0
1.0,1364.0,99.0
3.0,3067.0,64.0
2.0,3648.0,94.0
2.0,1280.0,99.0
2.0,1778.0,99.0
2.0,2854.0,114.0
3.0,3900.0,17.0
3.0,4120.0,64.0
2.0,2464.0,20.0
1.0,1720.0,99.0
3.0,2680.0,94.0
3.0,3000.0,119.0
2.0,3360.0,94.0
2.0,1470.0,79.0
2.0,2700.0,125.0
4.0,3800.0,104.0
2.0,2178.0,69.0
4.0,3432.0,99.0
2.0,2480.0,94.0
2.0,2560.0,99.0
2.0,1540.0,69.0
2.0,3100.0,94.0
1.0,1425.0,94.0
3.0,3117.0,18.0
2.0,2680.0,94.0
2.0,3100.0,59.0
3.0,1848.0,104.0
1.0,2400.0,114.0
1.0,1940.0,104.0
1.0,1282.0,94.0
3.0,2250.0,125.0
2.0,1800.0,104.0
2.0,868.0,109.0
1.0,4074.0,94.0
2.0,1836.0,104.0
3.0,1410.0,114.0
1.0,2607.0,125.0
2.0,1646.0,94.0
2.0,1560.0,94.0
1.0,1440.0,59.0
1.0,1224.0,64.0
2.0,1600.0,94.0
2.0,2121.0,125.0
5.0,3224.0,93.0
3.0,3000.0,125.0
1.0,1680.0,94.0
1.0,1320.0,99.0
3.0,1800.0,119.0
1.0,1890.0,94.0
4.0,3095.0,104.0
1.0,1512.0,99.0
1.0,1520.0,99.0
3.0,2376.0,104.0
2.0,1400.0,104.0
8.0,5500.0,96.0
1.0,1156.0,99.0
1.0,1280.0,94.0
2.0,2896.0,94.0
3.0,3300.0,125.0
1.0,1760.0,84.0
2.0,1660.0,109.0
1.0,2682.0,125.0
1.0,1440.0,99.0
1.0,1092.0,104.0
4.0,4816.0,50.0
1.0,1188.0,114.0
1.0,2086.0,109.0
3.0,3400.0,64.0
2.0,2480.0,94.0
2.0,2139.0,114.0
2.0,2156.0,99.0
2.0,2676.0,114.0
4.0,3344.0,93.0
1.0,1320.0,104.0
2.0,2080.0,104.0
6.0,2599.0,93.0
1.0,1472.0,99.0
2.0,2223.0,18.0
2.0,1440.0,99.0
1.0,1120.0,64.0
2.0,2128.0,123.0
2.0,1872.0,99.0
1.0,1456.0,99.0
2.0,1176.0,99.0
2.0,3324.0,123.0
2.0,2404.0,104.0
2.0,1836.0,114.0
2.0,1400.0,89.0
4.0,3440.0,94.0
1.0,1148.0,99.0
6.0,4800.0,100.0
2.0,3288.0,59.0
2.0,2480.0,99.0
1.0,952.0,104.0
5.0,2720.0,124.0
3.0,2520.0,17.0
3.0,2023.0,125.0
1.0,1812.0,94.0
3.0,3618.0,19.0
3.0,3091.0,99.0
3.0,2801.0,84.0
2.0,3909.0,104.0
1.0,1344.0,114.0
4.0,3075.0,99.0
1.0,720.0,104.0
2.0,3448.0,54.0
2.0,2360.0,99.0
2.0,2247.0,125.0
2.0,2396.0,125.0
2.0,1344.0,104.0
2.0,3456.0,94.0
1.0,1640.0,37.0
2.0,2200.0,114.0
1.0,3275.0,114.0
1.0,1224.0,104.0
1.0,1700.0,114.0
2.0,1084.0,99.0
6.0,4400.0,114.0
2.0,1592.0,89.0
2.0,2172.0,125.0
2.0,2160.0,123.0
2.0,1182.0,104.0
1.0,2500.0,35.0
3.0,1892.0,99.0
1.0,1116.0,34.0
2.0,1500.0,123.0
1.0,1404.0,104.0
2.0,1970.0,104.0
2.0,1920.0,104.0
3.0,2250.0,123.0
2.0,2280.0,104.0
1.0,960.0,104.0
2.0,1540.0,79.0
2.0,2904.0,109.0
1.0,2340.0,79.0
3.0,3150.0,74.0
4.0,3198.0,94.0
1.0,1888.0,74.0
1.0,840.0,94.0
1.0,2044.0,59.0
1.0,1326.0,104.0
2.0,2680.0,89.0
3.0,2036.0,119.0
3.0,2280.0,114.0
2.0,2400.0,123.0
1.0,952.0,104.0
1.0,1664.0,104.0
3.0,2508.0,104.0
2.0,1546.0,125.0
1.0,1400.0,94.0
2.0,1794.0,104.0
3.0,2957.0,18.0
2.0,3083.0,99.0
3.0,3040.0,125.0
2.0,1710.0,94.0
2.0,1680.0,89.0
1.0,680.0,79.0
2.0,2090.0,99.0
8.0,5000.0,93.0
2.0,1984.0,114.0
2.0,1810.0,125.0
1.0,1480.0,104.0
2.0,1616.0,99.0
3.0,2952.0,125.0
2.0,2160.0,94.0
2.0,1330.0,109.0
6.0,4788.0,97.0
1.0,2080.0,104.0
3.0,2265.0,84.0
2.0,1200.0,125.0
2.0,2328.0,114.0
4.0,2700.0,93.0
3.0,3855.0,4.0
1.0,1869.0,64.0
1.0,1092.0,99.0
1.0,1640.0,99.0
1.0,1920.0,13.0
2.0,1627.0,64.0
1.0,1674.0,69.0
2.0,2160.0,99.0
2.0,2160.0,94.0
2.0,1216.0,99.0
1.0,1693.0,114.0
2.0,2520.0,94.0
6.0,7110.0,8.0
2.0,2955.0,125.0
1.0,1008.0,99.0
2.0,2016.0,64.0
2.0,1120.0,94.0
1.0,1558.0,114.0
3.0,3600.0,109.0
4.0,3600.0,98.0
2.0,1700.0,94.0
1.0,1600.0,89.0
1.0,1240.0,99.0
2.0,2405.0,69.0
1.0,3612.0,119.0
2.0,4432.0,123.0
2.0,1400.0,64.0
3.0,3072.0,104.0
1.0,1156.0,99.0
3.0,2100.0,114.0
3.0,2520.0,125.0
6.0,3750.0,93.0
1.0,1436.0,104.0
1.0,980.0,99.0
1.0,952.0,104.0
1.0,1140.0,99.0
1.0,1408.0,99.0
3.0,2661.0,125.0
1.0,1134.0,34.0
1.0,1956.0,94.0
3.0,3025.0,44.0
3.0,3240.0,19.0
1.0,1616.0,114.0
1.0,2651.0,59.0
3.0,1976.0,114.0
2.0,2090.0,125.0
1.0,1472.0,99.0
3.0,3600.0,22.0
2.0,2147.0,114.0
1.0,2652.0,104.0
1.0,1284.0,104.0
1.0,1820.0,84.0
1.0,1472.0,94.0
2.0,1544.0,123.0
2.0,768.0,89.0
6.0,4125.0,96.0
3.0,2376.0,19.0
3.0,3360.0,125.0
3.0,4456.0,114.0
2.0,1056.0,119.0
2.0,3040.0,125.0
1.0,1836.0,94.0
1.0,1424.0,94.0
2.0,1843.0,74.0
3.0,3360.0,123.0
1.0,1440.0,99.0
1.0,1782.0,79.0
5.0,3675.0,118.0
2.0,3120.0,109.0
2.0,4900.0,38.0
1.0,1116.0,74.0
1.0,1260.0,104.0
2.0,1368.0,125.0
16.0,14615.0,17.0
1.0,1618.0,114.0
1.0,1200.0,104.0
1.0,1392.0,104.0
3.0,3168.0,99.0
2.0,1472.0,104.0
2.0,1624.0,123.0
4.0,2500.0,93.0
2.0,1760.0,104.0
1.0,1304.0,104.0
6.0,6006.0,117.0
34.0,31200.0,99.0
2.0,2536.0,94.0
2.0,1216.0,89.0
2.0,2400.0,104.0
3.0,1788.0,123.0
3.0,2096.0,119.0
2.0,2860.0,94.0
2.0,2985.0,114.0
13.0,5040.0,104.0
1.0,2432.0,123.0
2.0,1664.0,99.0
3.0,3600.0,18.0
1.0,900.0,104.0
3.0,3600.0,125.0
2.0,1528.0,94.0
2.0,2275.0,79.0
2.0,2600.0,32.0
2.0,2472.0,64.0
1.0,1184.0,104.0
6.0,3780.0,114.0
3.0,3276.0,104.0
3.0,1944.0,64.0
10.0,10500.0,93.0
2.0,2078.0,64.0
6.0,4000.0,99.0
3.0,3936.0,39.0
2.0,2016.0,114.0
2.0,2250.0,125.0
2.0,2040.0,94.0
1.0,1200.0,125.0
3.0,2160.0,93.0
3.0,2205.0,94.0
1.0,1704.0,94.0
1.0,1148.0,99.0
5.0,3693.0,109.0
2.0,2384.0,125.0
2.0,3192.0,119.0
4.0,3636.0,100.0
4.0,3120.0,93.0
2.0,1400.0,125.0
1.0,1406.0,109.0
1.0,1868.0,94.0
4.0,4305.0,123.0
1.0,1216.0,99.0
2.0,1400.0,94.0
3.0,2376.0,109.0
2.0,2364.0,119.0
1.0,1120.0,74.0
2.0,2160.0,15.0
8.0,6800.0,104.0
1.0,1230.0,99.0
1.0,1668.0,119.0
2.0,3024.0,64.0
2.0,1248.0,94.0
2.0,2263.0,94.0
6.0,5412.0,104.0
3.0,3315.0,6.0
2.0,2016.0,99.0
2.0,1167.0,114.0
1.0,968.0,64.0
3.0,3240.0,2.0
1.0,1882.0,109.0
1.0,1288.0,94.0
2.0,2848.0,125.0
2.0,1408.0,99.0
1.0,1632.0,109.0
2.0,1920.0,69.0
1.0,1425.0,99.0
1.0,1404.0,125.0
1.0,952.0,104.0
6.0,6500.0,114.0
4.0,3120.0,93.0
2.0,2449.0,125.0
4.0,3198.0,94.0
1.0,1672.0,74.0
2.0,1612.0,69.0
2.0,3048.0,94.0
6.0,4875.0,93.0
2.0,3210.0,125.0
4.0,3195.0,119.0
1.0,1536.0,99.0
2.0,2604.0,14.0
3.0,2478.0,94.0
2.0,2058.0,69.0
1.0,1350.0,114.0
1.0,2820.0,114.0
1.0,1683.0,119.0
3.0,3960.0,125.0
1.0,1148.0,37.0
1.0,2832.0,109.0
6.0,3040.0,125.0
2.0,1619.0,99.0
1.0,1260.0,64.0
1.0,1926.0,74.0
1.0,2186.0,114.0
2.0,1480.0,94.0
1.0,1806.0,84.0
4.0,2700.0,93.0
2.0,2040.0,123.0
11.0,8284.0,109.0
2.0,2850.0,94.0
1.0,1408.0,99.0
1.0,1536.0,99.0
1.0,1020.0,119.0
2.0,2600.0,99.0
3.0,2520.0,125.0
1.0,2750.0,119.0
1.0,1368.0,79.0
2.0,2880.0,114.0
1.0,916.0,104.0
2.0,4552.0,123.0
2.0,2500.0,59.0
1.0,1281.0,125.0
2.0,2052.0,64.0
2.0,1540.0,69.0
2.0,1800.0,114.0
2.0,2961.0,93.0
1.0,1026.0,99.0
2.0,2496.0,94.0
1.0,1700.0,89.0
3.0,2340.0,114.0
1.0,1764.0,104.0
2.0,1500.0,109.0
1.0,1423.0,99.0
2.0,1640.0,74.0
1.0,1260.0,94.0
2.0,3443.0,69.0
2.0,1100.0,104.0
2.0,3126.0,125.0
3.0,6900.0,31.0
3.0,2843.0,64.0
3.0,3000.0,69.0
3.0,3220.0,54.0
2.0,2392.0,84.0
5.0,3434.0,26.0
3.0,2720.0,104.0
2.0,2396.0,64.0
1.0,3102.0,8.0
6.0,2400.0,94.0
1.0,910.0,104.0
3.0,2277.0,109.0
3.0,2560.0,104.0
2.0,2475.0,125.0
2.0,1736.0,79.0
2.0,1508.0,99.0
1.0,1989.0,84.0
2.0,1750.0,74.0
2.0,2000.0,59.0
2.0,1500.0,104.0
4.0,3040.0,94.0
2.0,2500.0,19.0
2.0,1989.0,89.0
1.0,1840.0,94.0
2.0,2000.0,125.0
1.0,1260.0,104.0
1.0,1575.0,125.0
2.0,2430.0,104.0
1.0,992.0,74.0
2.0,2070.0,84.0
1.0,3240.0,119.0
3.0,3840.0,104.0
2.0,1422.0,99.0
6.0,1842.0,103.0
3.0,3229.0,125.0
2.0,1745.0,74.0
2.0,2240.0,99.0
2.0,964.0,79.0
2.0,2838.0,59.0
2.0,1864.0,104.0
2.0,3380.0,119.0
2.0,2720.0,99.0
3.0,3240.0,19.0
1.0,1080.0,64.0
2.0,2000.0,104.0
2.0,1325.0,94.0
1.0,3249.0,119.0
3.0,2048.0,20.0
1.0,1320.0,94.0
1.0,1710.0,59.0
2.0,2100.0,30.0
2.0,2332.0,94.0
2.0,2452.0,99.0
3.0,2410.0,19.0
1.0,1064.0,99.0
3.0,2115.0,109.0
3.0,1968.0,125.0
2.0,2856.0,104.0
3.0,3600.0,114.0
3.0,2496.0,114.0
1.0,3626.0,39.0
3.0,3300.0,125.0
1.0,2998.0,125.0
3.0,2688.0,94.0
3.0,2196.0,89.0
2.0,2369.0,64.0
1.0,1134.0,34.0
2.0,2430.0,99.0
2.0,2280.0,104.0
2.0,1414.0,64.0
2.0,2182.0,99.0
2.0,1984.0,125.0
2.0,2080.0,119.0
1.0,1911.0,123.0
3.0,3000.0,224.0
8.0,5740.0,119.0
2.0,2342.0,125.0
2.0,2340.0,114.0
2.0,2700.0,119.0
3.0,1992.0,114.0
1.0,1414.0,94.0
2.0,2160.0,125.0
11.0,12000.0,104.0
2.0,2000.0,94.0
3.0,3105.0,123.0
3.0,3036.0,89.0
2.0,1400.0,94.0
2.0,2232.0,125.0
2.0,2828.0,125.0
2.0,2058.0,125.0
2.0,1560.0,64.0
3.0,3454.0,54.0
1.0,1800.0,125.0
2.0,1784.0,99.0
1.0,1020.0,69.0
2.0,2160.0,125.0
2.0,2060.0,123.0
1.0,756.0,84.0
2.0,1764.0,123.0
1.0,1624.0,94.0
3.0,2860.0,74.0
2.0,3600.0,123.0
1.0,884.0,109.0
2.0,2172.0,123.0
1.0,2352.0,104.0
1.0,1544.0,104.0
1.0,952.0,104.0
2.0,3000.0,114.0
6.0,3374.0,94.0
3.0,2799.0,114.0
2.0,3300.0,123.0
2.0,1688.0,109.0
2.0,3250.0,64.0
2.0,1902.0,84.0
1.0,1417.0,104.0
6.0,4500.0,93.0
3.0,3096.0,114.0
2.0,2020.0,114.0
2.0,1740.0,94.0
1.0,2054.0,99.0
2.0,1938.0,74.0
2.0,1748.0,94.0
2.0,2100.0,104.0
3.0,3200.0,94.0
1.0,1116.0,38.0
2.0,1320.0,125.0
2.0,1440.0,125.0
1.0,2328.0,114.0
2.0,2520.0,99.0
2.0,2240.0,114.0
1.0,3958.0,29.0
3.0,3225.0,20.0
3.0,2128.0,94.0
6.0,4455.0,93.0
1.0,1600.0,99.0
8.0,6600.0,93.0
1.0,1456.0,99.0
1.0,700.0,79.0
1.0,3144.0,114.0
2.0,2160.0,114.0
12.0,10320.0,97.0
3.0,2052.0,123.0
3.0,2040.0,94.0
1.0,1316.0,99.0
3.0,1960.0,114.0
2.0,2698.0,74.0
2.0,2200.0,64.0
1.0,1504.0,104.0
4.0,1680.0,123.0
1.0,1425.0,99.0
2.0,2200.0,19.0
2.0,1732.0,84.0
2.0,4050.0,93.0
1.0,1530.0,104.0
2.0,1180.0,123.0
1.0,1064.0,99.0
1.0,1962.0,69.0
1.0,4062.0,20.0
3.0,2560.0,104.0
3.0,2268.0,109.0
2.0,2640.0,123.0
3.0,2400.0,94.0
2.0,2232.0,99.0
2.0,1836.0,94.0
1.0,768.0,79.0
1.0,2087.0,89.0
1.0,1482.0,104.0
3.0,3088.0,2.0
2.0,2947.0,64.0
2.0,2564.0,27.0
2.0,1208.0,119.0
2.0,3600.0,125.0
2.0,2232.0,99.0
4.0,3900.0,100.0
2.0,2256.0,94.0
3.0,2912.0,104.0
6.0,3900.0,93.0
1.0,1296.0,59.0
